CrimeDateTime,CrimeCode,Location,Description,Weapon,Victim_Gender,Victim_Age,Victim_Race,District
"6/11/2023, 3:45 AM",7C,1500 CLIFTON AVE,AUTO THEFT,,F,27,BLACK_OR_AFRICAN_AMERICAN,SOUTHEAST
"6/10/2023, 7:00 PM",5F,,BURGLARY,,,,,SOUTHERN
"6/11/2023, 2:00 AM",7C,700 E 25TH ST,AUTO THEFT,,,,,NORTHEAST
"6/10/2023, 8:16 PM",4E,4200 PIMLICO RD,COMMON ASSAULT,PERSONAL_WEAPONS,F,23,BLACK_OR_AFRICAN_AMERICAN,NORTHWEST
"6/11/2023, 5:00 AM",4B,2900 CHERRYLAND RD,AGG. ASSAULT,KNIFE_CUTTING_INSTRUMENT,F,39,BLACK_OR_AFRICAN_AMERICAN,SOUTHERN
"6/11/2023, 2:43 AM",3AO,2800 WINCHESTER ST,ROBBERY,PERSONAL_WEAPONS,M,14,BLACK_OR_AFRICAN_AMERICAN,SOUTHWEST
"6/11/2023, 1:20 AM",3C,0 E BALTIMORE ST,ROBBERY - COMMERCIAL,,,,,CENTRAL
"6/10/2023, 8:00 PM",5B,500 BENNINGHAUS RD,BURGLARY,,,,,NORTHERN
"6/10/2023, 7:00 PM",6F,ST & N BROADWAY,LARCENY,,M,37,WHITE,EASTERN
"6/11/2023, 12:00 AM",7C,2700 MARYLAND AVE,AUTO THEFT,,M,84,WHITE,NORTHERN
"6/11/2023, 3:00 AM",6F,1500 DRUID HILL AVE,LARCENY,,M,32,BLACK_OR_AFRICAN_AMERICAN,CENTRAL
"6/11/2023, 2:52 AM",4E,300 S FRANKLINTOWN RD,COMMON ASSAULT,PERSONAL_WEAPONS,M,39,BLACK_OR_AFRICAN_AMERICAN,SOUTHWEST
"6/10/2023, 10:30 PM",6F,700 E BALTIMORE ST,LARCENY,,M,44,BLACK_OR_AFRICAN_AMERICAN,CENTRAL
"6/11/2023, 4:30 AM",6J,500 OLDHAM ST,LARCENY,,M,53,ASIAN,SOUTHEAST
"6/10/2023, 11:00 PM",6J,5300 CHANDLER AVE,LARCENY,,F,60,BLACK_OR_AFRICAN_AMERICAN,NORTHWEST
"6/10/2023, 11:00 PM",6F,2800 WASHINGTON BLVD,LARCENY,,M,41,,SOUTHWEST
"6/11/2023, 3:45 AM",7C,1400 N CAROLINE ST,AUTO THEFT,,M,64,BLACK_OR_AFRICAN_AMERICAN,EASTERN
"6/11/2023, 5:00 AM",6D,3200 PHELPS LN,LARCENY FROM AUTO,,F,23,,SOUTHWEST
"6/1/2023, 2:21 AM",6C,4600 FALLS RD,LARCENY,,,,,NORTHERN
"6/1/2023, 12:29 AM",6C,4600 LIBERTY HEIGHTS AVE,LARCENY,,,,,NORTHWEST
"6/1/2023, 3:40 AM",6F,3500 BOSTON ST,LARCENY,,,,,SOUTHEAST
"6/1/2023, 3:58 AM",3CF,5100 SINCLAIR LN,ROBBERY - COMMERCIAL,HANDGUN,,,,NORTHEAST
"6/1/2023, 2:00 AM",7C,1100 WEBB CT,AUTO THEFT,,M,35,BLACK_OR_AFRICAN_AMERICAN,EASTERN
"6/1/2023, 5:00 AM",6G,5600 YORK RD,LARCENY,KNIFE_CUTTING_INSTRUMENT,,,,NORTHERN
"6/1/2023, 12:30 AM",7C,3700 OAKMONT AVE,AUTO THEFT,,,,,NORTHWEST
"6/1/2023, 3:00 AM",6F,2000 W 41ST ST,LARCENY,,,,,NORTHERN
"5/31/2023, 8:40 PM",4E,5200 ROLAND AVE,COMMON ASSAULT,PERSONAL_WEAPONS,M,10,BLACK_OR_AFRICAN_AMERICAN,NORTHERN
"5/31/2023, 9:20 PM",4E,AV & E 25TH ST,COMMON ASSAULT,PERSONAL_WEAPONS,F,15,BLACK_OR_AFRICAN_AMERICAN,EASTERN
"5/31/2023, 9:20 PM",4E,AV & E 25TH ST,COMMON ASSAULT,PERSONAL_WEAPONS,F,14,BLACK_OR_AFRICAN_AMERICAN,EASTERN
"5/31/2023, 6:05 PM",4D,1500 CYPRESS ST,AGG. ASSAULT,,M,20,UNKNOWN,SOUTHERN
"5/31/2023, 6:00 PM",3P,100 LIGHT ST,ROBBERY,PERSONAL_WEAPONS,F,48,WHITE,CENTRAL
"5/31/2023, 6:30 PM",3AO,2000 ALICEANNA ST,ROBBERY,PERSONAL_WEAPONS,F,81,WHITE,SOUTHEAST
"5/31/2023, 10:08 PM",9S,4200 POWELL AV,SHOOTING,FIREARM,Male,31,BLACK_OR_AFRICAN_AMERICAN,
"5/31/2023, 7:07 AM",9S,1800 ORLEANS ST,SHOOTING,FIREARM,Female,28,BLACK_OR_AFRICAN_AMERICAN,EASTERN
"5/31/2023, 10:00 AM",3CO,700 E 25TH ST,ROBBERY - COMMERCIAL,PERSONAL_WEAPONS,,,,NORTHEAST
"5/31/2023, 4:00 PM",5F,3900 FORDLEIGH RD,BURGLARY,,,,,NORTHWEST
"5/22/2023, 2:00 PM",3JF,200 S HAVEN ST,ROBBERY,KNIFE_CUTTING_INSTRUMENT,M,25,,SOUTHEAST
"5/22/2023, 10:30 PM",5F,0 N EAST AVE,BURGLARY,,M,39,,SOUTHEAST
"5/23/2023, 4:00 AM",7C,3000 HANLON AVE,AUTO THEFT,,M,33,BLACK_OR_AFRICAN_AMERICAN,NORTHWEST
"5/22/2023, 10:15 PM",5A,5400 FREDERICK AVE,BURGLARY,,M,38,BLACK_OR_AFRICAN_AMERICAN,SOUTHWEST
"5/22/2023, 11:00 PM",6F,800 ABBOTT CT,LARCENY,,M,56,BLACK_OR_AFRICAN_AMERICAN,EASTERN
"5/22/2023, 8:39 AM",7C,6100 ALTA AVE,AUTO THEFT,,F,25,BLACK_OR_AFRICAN_AMERICAN,NORTHEAST
"5/22/2023, 6:29 PM",7C,1900 PENROSE AVE,AUTO THEFT,,F,58,,WESTERN
"5/22/2023, 5:50 PM",4E,1800 MARYLAND AVE,COMMON ASSAULT,PERSONAL_WEAPONS,M,58,BLACK_OR_AFRICAN_AMERICAN,CENTRAL
"5/22/2023, 11:45 AM",3AO,3500 E PRATT ST,ROBBERY,PERSONAL_WEAPONS,M,63,,SOUTHEAST
"5/22/2023, 3:30 PM",4B,0 S FRANKLINTOWN RD,AGG. ASSAULT,BLUNT_OBJECT,F,36,WHITE,SOUTHWEST
"5/22/2023, 2:00 PM",6F,300 SAINT PAUL ST,LARCENY,,F,66,BLACK_OR_AFRICAN_AMERICAN,CENTRAL
"5/23/2023, 5:30 AM",3NF,4300 WEST BAY AVE,ROBBERY,FIREARM,M,19,BLACK_OR_AFRICAN_AMERICAN,SOUTHERN
"5/23/2023, 4:30 AM",4E,5300 BELLEVILLE AVE,COMMON ASSAULT,PERSONAL_WEAPONS,M,62,BLACK_OR_AFRICAN_AMERICAN,NORTHWEST
"5/23/2023, 1:00 AM",5F,2600 HARFORD RD,BURGLARY,,M,56,BLACK_OR_AFRICAN_AMERICAN,NORTHEAST
"5/22/2023, 8:17 PM",4A,,AGG. ASSAULT,FIREARM,F,24,BLACK_OR_AFRICAN_AMERICAN,NORTHWEST
"5/22/2023, 8:17 PM",4A,,AGG. ASSAULT,FIREARM,F,1,BLACK_OR_AFRICAN_AMERICAN,NORTHWEST
"5/22/2023, 8:17 PM",4A,,AGG. ASSAULT,FIREARM,F,3,BLACK_OR_AFRICAN_AMERICAN,NORTHWEST
"5/13/2023, 10:00 PM",4E,1300 KEY HWY,COMMON ASSAULT,PERSONAL_WEAPONS,M,24,WHITE,SOUTHERN
"5/13/2023, 8:00 PM",4E,1700 HARFORD AVE,COMMON ASSAULT,,F,25,BLACK_OR_AFRICAN_AMERICAN,EASTERN
"5/13/2023, 8:00 AM",4B,3400 LYNDALE AVE,AGG. ASSAULT,KNIFE_CUTTING_INSTRUMENT,M,41,WHITE,NORTHEAST
"5/13/2023, 8:30 AM",4E,600 LIGHT ST,COMMON ASSAULT,PERSONAL_WEAPONS,M,48,WHITE,CENTRAL
"5/13/2023, 9:00 AM",4E,900 WEBB CT,COMMON ASSAULT,PERSONAL_WEAPONS,F,31,BLACK_OR_AFRICAN_AMERICAN,EASTERN
"5/13/2023, 4:50 PM",6D,3800 BANK ST,LARCENY FROM AUTO,,M,31,UNKNOWN,SOUTHEAST
"5/13/2023, 7:00 AM",4E,1600 E 28TH ST,COMMON ASSAULT,PERSONAL_WEAPONS,F,51,WHITE,NORTHEAST
"5/13/2023, 9:20 PM",4D,3800 BROOKLYN AVE,AGG. ASSAULT,,M,42,BLACK_OR_AFRICAN_AMERICAN,SOUTHERN
"5/13/2023, 4:00 PM",6F,1600 E LANVALE ST,LARCENY,,M,47,BLACK_OR_AFRICAN_AMERICAN,EASTERN
"5/13/2023, 9:17 PM",4E,1000 W 41ST ST,COMMON ASSAULT,,M,30,WHITE,NORTHERN
"5/13/2023, 11:30 AM",6D,1500 MEDFORD RD,LARCENY FROM AUTO,,F,63,BLACK_OR_AFRICAN_AMERICAN,NORTHEAST
"5/13/2023, 6:00 PM",4E,400 N LINWOOD AVE,COMMON ASSAULT,PERSONAL_WEAPONS,F,29,,SOUTHEAST
"5/13/2023, 7:00 PM",4E,4100 NORFOLK AVE,COMMON ASSAULT,PERSONAL_WEAPONS,F,40,BLACK_OR_AFRICAN_AMERICAN,NORTHWEST
"5/13/2023, 6:30 AM",6D,2900 WINCHESTER ST,LARCENY FROM AUTO,,M,65,BLACK_OR_AFRICAN_AMERICAN,SOUTHWEST
"5/13/2023, 6:01 AM",7C,1200 HOLLINS ST,AUTO THEFT,,F,49,WHITE,SOUTHERN
"5/13/2023, 6:41 AM",4E,2000 N CHARLES ST,COMMON ASSAULT,PERSONAL_WEAPONS,F,30,BLACK_OR_AFRICAN_AMERICAN,NORTHERN
"5/13/2023, 7:26 AM",5F,2200 BARCLAY ST,BURGLARY,,M,32,WHITE,EASTERN
"6/10/2023, 10:12 AM",8I,700 MURPHY LN,ARSON,,F,49,BLACK_OR_AFRICAN_AMERICAN,CENTRAL
"6/10/2023, 10:12 AM",8I,700 MURPHY LN,ARSON,,M,50,BLACK_OR_AFRICAN_AMERICAN,CENTRAL
"6/10/2023, 7:00 AM",4C,2000 W BALTIMORE ST,AGG. ASSAULT,UNKNOWN,M,57,BLACK_OR_AFRICAN_AMERICAN,WESTERN
"6/10/2023, 6:30 AM",4B,5100 CEDGATE RD,AGG. ASSAULT,BLUNT_OBJECT,F,56,BLACK_OR_AFRICAN_AMERICAN,NORTHEAST
"6/10/2023, 1:45 PM",3JO,2600 DULANY ST,ROBBERY,PERSONAL_WEAPONS,F,21,BLACK_OR_AFRICAN_AMERICAN,SOUTHWEST
"6/10/2023, 1:00 PM",4E,500 ARSAN AVE,COMMON ASSAULT,PERSONAL_WEAPONS,F,56,BLACK_OR_AFRICAN_AMERICAN,SOUTHERN
"6/10/2023, 6:30 AM",4E,1100 S CHARLES ST,COMMON ASSAULT,PERSONAL_WEAPONS,M,23,WHITE,SOUTHERN
"6/10/2023, 8:30 PM",7C,1100 RAMBLEWOOD RD,AUTO THEFT,,M,28,BLACK_OR_AFRICAN_AMERICAN,NORTHERN
"6/10/2023, 8:45 PM",4E,2300 MADISON AVE,COMMON ASSAULT,PERSONAL_WEAPONS,F,59,BLACK_OR_AFRICAN_AMERICAN,CENTRAL
"6/10/2023, 9:55 PM",5F,1800 SPENCE ST,BURGLARY,,F,59,BLACK_OR_AFRICAN_AMERICAN,SOUTHWEST
"6/10/2023, 9:00 PM",6J,400 CALVIN AVE,LARCENY,,F,72,WHITE,NORTHERN
"6/10/2023, 9:55 PM",4B,0 N BROADWAY,AGG. ASSAULT,PERSONAL_WEAPONS,U,34,,SOUTHEAST
"6/10/2023, 9:00 PM",6J,400 VENABLE AVE,LARCENY,,M,23,BLACK_OR_AFRICAN_AMERICAN,NORTHERN
"6/10/2023, 10:00 PM",4B,2100 BARCLAY ST,AGG. ASSAULT,KNIFE_CUTTING_INSTRUMENT,M,46,BLACK_OR_AFRICAN_AMERICAN,EASTERN
"6/11/2023, 4:00 AM",7C,0 N KOSSUTH ST,AUTO THEFT,,M,34,BLACK_OR_AFRICAN_AMERICAN,SOUTHWEST
"6/10/2023, 8:00 AM",4E,2200 EASTERN AVE,COMMON ASSAULT,,M,37,,SOUTHEAST
"6/10/2023, 9:00 AM",3AF,3300 E FAYETTE ST,ROBBERY,HANDGUN,M,47,BLACK_OR_AFRICAN_AMERICAN,SOUTHEAST
"6/1/2023, 4:00 AM",7C,4600 ARABIA AVE,AUTO THEFT,,,,,NORTHEAST
"5/31/2023, 2:30 PM",7C,800 WHITMORE AVE,AUTO THEFT,,,,,WESTERN
"5/31/2023, 6:15 AM",7C,400 St Paul Place,AUTO THEFT,,,,,CENTRAL
"5/31/2023, 2:43 PM",6C,4600 FALLS RD,LARCENY,,,,,NORTHERN
"5/31/2023, 6:41 AM",5B,1000 PARK AVE,BURGLARY,,,,,CENTRAL
"5/31/2023, 6:33 AM",7C,2500 CALVERTON HEIGHTS AVE,AUTO THEFT,,,,,WESTERN
"5/31/2023, 4:00 PM",6C,900 POPLAR GROVE ST,LARCENY,,,,,SOUTHWEST
"5/31/2023, 7:30 PM",3JF,4100 EIERMAN AVE,ROBBERY,HANDGUN,F,31,BLACK_OR_AFRICAN_AMERICAN,NORTHEAST
"5/31/2023, 6:00 PM",5A,2100 BRADDISH AVE,BURGLARY,,F,48,BLACK_OR_AFRICAN_AMERICAN,WESTERN
"6/1/2023, 3:47 AM",7C,3900 WABASH AVE,AUTO THEFT,,F,22,BLACK_OR_AFRICAN_AMERICAN,NORTHWEST
"6/1/2023, 12:30 AM",7C,3700 OAKMONT AVE,AUTO THEFT,,M,49,,NORTHWEST
"5/31/2023, 6:00 PM",4E,100 N EUTAW ST,COMMON ASSAULT,PERSONAL_WEAPONS,F,22,BLACK_OR_AFRICAN_AMERICAN,CENTRAL
"5/31/2023, 10:00 PM",5A,1700 SULGRAVE AVE,BURGLARY,,M,62,WHITE,NORTHERN
"5/31/2023, 10:20 PM",4E,4600 EDMONDSON AVE,COMMON ASSAULT,OTHER,F,61,WHITE,SOUTHWEST
"5/31/2023, 9:00 PM",3JO,2500 JAMES ST,ROBBERY,PERSONAL_WEAPONS,F,40,WHITE,SOUTHWEST
"5/31/2023, 9:30 PM",3AO,1500 N GILMOR ST,ROBBERY,BLUNT_OBJECT,M,12,BLACK_OR_AFRICAN_AMERICAN,WESTERN
"6/1/2023, 5:00 AM",7C,1700 DARLEY AVE,AUTO THEFT,,M,42,BLACK_OR_AFRICAN_AMERICAN,EASTERN
"6/1/2023, 5:00 AM",7C,2700 REISTERSTOWN RD,AUTO THEFT,,F,62,BLACK_OR_AFRICAN_AMERICAN,NORTHWEST
"6/1/2023, 3:00 AM",6J,,LARCENY,,M,64,BLACK_OR_AFRICAN_AMERICAN,SOUTHERN
"5/3/2023, 5:30 PM",6F,3800 EASTERN AVE,LARCENY,,,,,SOUTHEAST
"5/3/2023, 5:15 PM",6F,0 E FAYETTE ST,LARCENY,,,,,CENTRAL
"5/3/2023, 6:27 PM",6F,2500 W FRANKLIN ST,LARCENY,,,,,WESTERN
"5/3/2023, 7:00 PM",6C,5200 YORK RD,LARCENY,,,,,NORTHERN
"5/3/2023, 7:32 PM",6F,1400 E COLD SPRING LN,LARCENY,,,,,NORTHEAST
"5/3/2023, 11:52 AM",6F,0 S PACA ST,LARCENY,,,,,CENTRAL
"5/3/2023, 4:40 PM",4E,600 UMBRA ST,COMMON ASSAULT,PERSONAL_WEAPONS,F,26,,SOUTHEAST
"5/3/2023, 4:40 PM",4E,600 UMBRA ST,COMMON ASSAULT,PERSONAL_WEAPONS,F,59,WHITE,SOUTHEAST
"5/3/2023, 7:00 AM",3AF,4100 FREDERICK AVE,ROBBERY,HANDGUN,M,43,,SOUTHWEST
"5/4/2023, 3:55 AM",9S,100 W 25TH ST,SHOOTING,FIREARM,Male,22,BLACK_OR_AFRICAN_AMERICAN,NORTHERN
"5/3/2023, 2:10 PM",4E,2500 EDGECOMBE CIR N,COMMON ASSAULT,PERSONAL_WEAPONS,F,26,BLACK_OR_AFRICAN_AMERICAN,NORTHERN
"5/3/2023, 9:00 AM",4E,1100 N MOUNT ST,COMMON ASSAULT,,F,82,BLACK_OR_AFRICAN_AMERICAN,WESTERN
"5/3/2023, 10:00 AM",5A,700 LINNARD ST,BURGLARY,PERSONAL_WEAPONS,F,28,BLACK_OR_AFRICAN_AMERICAN,SOUTHWEST
"5/3/2023, 7:55 AM",6G,4800 HAMILTON AVE,LARCENY,PERSONAL_WEAPONS,F,23,BLACK_OR_AFRICAN_AMERICAN,NORTHEAST
"5/3/2023, 8:00 PM",6G,2800 AILSA AVE,LARCENY,,,,,NORTHEAST
"5/3/2023, 7:46 PM",7C,5900 DARIEN CT,AUTO THEFT,,,,,NORTHEAST
"5/3/2023, 10:50 PM",6G,1100 E 33RD ST,LARCENY,,,,,NORTHEAST
"5/4/2023, 12:30 AM",6C,600 E 33RD ST,LARCENY,,,,,NORTHERN
"5/4/2023, 12:00 AM",6C,4400 EDMONDSON AVE,LARCENY,,,,,SOUTHWEST
"5/22/2023, 8:17 PM",4A,,AGG. ASSAULT,FIREARM,F,41,BLACK_OR_AFRICAN_AMERICAN,NORTHWEST
"5/22/2023, 8:17 PM",4A,,AGG. ASSAULT,FIREARM,M,52,BLACK_OR_AFRICAN_AMERICAN,NORTHWEST
"5/22/2023, 5:25 PM",6D,700 S BOND ST,LARCENY FROM AUTO,,F,25,,SOUTHEAST
"5/22/2023, 2:00 PM",4E,1400 BLOOMFIELD AVE,COMMON ASSAULT,PERSONAL_WEAPONS,F,21,BLACK_OR_AFRICAN_AMERICAN,SOUTHWEST
"5/22/2023, 1:30 PM",3AF,3400 GOUGH ST,ROBBERY,HANDGUN,M,45,,SOUTHEAST
"5/22/2023, 10:18 PM",2A,1400 ASHLAND AVE,RAPE,,F,13,BLACK_OR_AFRICAN_AMERICAN,EASTERN
"5/22/2023, 10:30 AM",4B,1800 EASTERN AVE,AGG. ASSAULT,PERSONAL_WEAPONS,M,25,WHITE,SOUTHEAST
"5/22/2023, 2:00 PM",3JF,200 S HAVEN ST,ROBBERY,KNIFE_CUTTING_INSTRUMENT,M,28,,SOUTHEAST
"5/23/2023, 1:00 AM",7C,3200 EASTERN AVE,AUTO THEFT,,F,69,BLACK_OR_AFRICAN_AMERICAN,SOUTHEAST
"5/23/2023, 3:00 AM",7C,1200 N STRICKER ST,AUTO THEFT,,F,36,BLACK_OR_AFRICAN_AMERICAN,WESTERN
"5/23/2023, 5:00 AM",6D,1300 WINSTON AVE,LARCENY FROM AUTO,,F,35,BLACK_OR_AFRICAN_AMERICAN,NORTHEAST
"5/23/2023, 1:30 AM",6D,700 S MILTON AVE,LARCENY FROM AUTO,,F,66,BLACK_OR_AFRICAN_AMERICAN,SOUTHEAST
"5/23/2023, 2:00 AM",4E,2700 ROSLYN AVE,COMMON ASSAULT,PERSONAL_WEAPONS,F,21,BLACK_OR_AFRICAN_AMERICAN,NORTHWEST
"5/23/2023, 1:00 AM",6D,2100 E LOMBARD ST,LARCENY FROM AUTO,,F,50,WHITE,SOUTHEAST
"5/23/2023, 2:00 AM",6F,6200 PARK HEIGHTS AVE,LARCENY,,F,50,WHITE,NORTHWEST
"5/23/2023, 3:00 AM",2A,200 S DURHAM ST,RAPE,PERSONAL_WEAPONS,F,35,BLACK_OR_AFRICAN_AMERICAN,SOUTHEAST
"5/22/2023, 12:45 PM",3AF,,ROBBERY,HANDGUN,M,35,UNKNOWN,SOUTHEAST
"4/23/2023, 9:00 PM",6J,3700 BONVIEW AVE,LARCENY,,M,22,BLACK_OR_AFRICAN_AMERICAN,NORTHEAST
"4/24/2023, 12:00 AM",6F,1700 UNION AVE,LARCENY,,F,31,WHITE,NORTHERN
"4/23/2023, 3:00 PM",4B,1300 W LOMBARD ST,AGG. ASSAULT,PERSONAL_WEAPONS,F,38,BLACK_OR_AFRICAN_AMERICAN,SOUTHERN
"4/23/2023, 10:20 AM",4B,,AGG. ASSAULT,BLUNT_OBJECT,F,27,BLACK_OR_AFRICAN_AMERICAN,NORTHERN
"4/23/2023, 10:36 AM",4A,1100 DUNDALK AVE,AGG. ASSAULT,FIREARM,M,,WHITE,SOUTHEAST
"4/23/2023, 10:30 AM",3AJF,3900 KENYON AVE,ROBBERY - CARJACKING,HANDGUN,M,33,BLACK_OR_AFRICAN_AMERICAN,NORTHEAST
"4/23/2023, 8:00 AM",6F,900 S HANOVER ST,LARCENY,,M,26,WHITE,SOUTHERN
"4/23/2023, 9:00 AM",7C,3800 BENEFIT ST,AUTO THEFT,,M,35,WHITE,SOUTHEAST
"4/23/2023, 11:12 PM",6F,2500 BELAIR RD,LARCENY,,F,35,BLACK_OR_AFRICAN_AMERICAN,NORTHEAST
"4/23/2023, 11:12 PM",6F,2500 BELAIR RD,LARCENY,,F,41,WHITE,NORTHEAST
"4/23/2023, 10:45 AM",4B,1700 N CALHOUN ST,AGG. ASSAULT,PERSONAL_WEAPONS,F,34,BLACK_OR_AFRICAN_AMERICAN,WESTERN
"4/23/2023, 11:20 AM",7C,3900 GLEN HUNT RD,AUTO THEFT,,M,31,BLACK_OR_AFRICAN_AMERICAN,SOUTHWEST
"4/23/2023, 11:00 AM",4E,500 N DUNCAN ST,COMMON ASSAULT,PERSONAL_WEAPONS,F,40,BLACK_OR_AFRICAN_AMERICAN,EASTERN
"4/23/2023, 12:40 PM",4E,4600 PALL MALL RD,COMMON ASSAULT,PERSONAL_WEAPONS,M,57,WHITE,NORTHERN
"4/23/2023, 11:10 PM",4B,0 S MORLEY ST,AGG. ASSAULT,BLUNT_OBJECT,F,33,BLACK_OR_AFRICAN_AMERICAN,SOUTHWEST
"4/23/2023, 7:09 PM",3NF,3800 SINCLAIR LN,ROBBERY,HANDGUN,M,14,BLACK_OR_AFRICAN_AMERICAN,NORTHEAST
"4/24/2023, 2:27 AM",7C,300 SCOTT ST,AUTO THEFT,,M,22,,SOUTHERN
"5/13/2023, 7:00 AM",4E,100 W HAMBURG ST,COMMON ASSAULT,PERSONAL_WEAPONS,F,32,BLACK_OR_AFRICAN_AMERICAN,SOUTHERN
"5/13/2023, 7:33 AM",8I,2700 TIVOLY AVE,ARSON,,M,30,BLACK_OR_AFRICAN_AMERICAN,NORTHEAST
"5/13/2023, 3:14 PM",6D,400 E CHASE ST,LARCENY FROM AUTO,,M,33,BLACK_OR_AFRICAN_AMERICAN,EASTERN
"5/13/2023, 4:05 PM",4E,2900 CLIFTON PARK TER,COMMON ASSAULT,PERSONAL_WEAPONS,M,47,BLACK_OR_AFRICAN_AMERICAN,NORTHEAST
"5/13/2023, 11:47 AM",6D,1000 HEWITT WAY,LARCENY FROM AUTO,,F,47,WHITE,NORTHEAST
"5/13/2023, 7:00 AM",7C,1600 RUXTON AVE,AUTO THEFT,,M,41,BLACK_OR_AFRICAN_AMERICAN,WESTERN
"5/14/2023, 5:40 AM",4B,1500 W NORTH AVE,AGG. ASSAULT,KNIFE_CUTTING_INSTRUMENT,M,55,BLACK_OR_AFRICAN_AMERICAN,WESTERN
"5/14/2023, 1:30 AM",7C,1200 GLENHAVEN RD,AUTO THEFT,,F,30,BLACK_OR_AFRICAN_AMERICAN,NORTHEAST
"5/13/2023, 3:25 PM",4E,400 RUSSELL ST,COMMON ASSAULT,PERSONAL_WEAPONS,M,24,,SOUTHERN
"5/13/2023, 2:30 PM",6J,1000 QUANTRIL WAY,LARCENY,,M,39,WHITE,NORTHEAST
"5/13/2023, 8:20 AM",4E,1500 RUSSELL ST,COMMON ASSAULT,PERSONAL_WEAPONS,M,34,WHITE,SOUTHERN
"5/13/2023, 6:00 AM",7C,300 E 22ND ST,AUTO THEFT,,F,30,BLACK_OR_AFRICAN_AMERICAN,EASTERN
"5/13/2023, 8:00 AM",4E,1000 N FULTON AVE,COMMON ASSAULT,PERSONAL_WEAPONS,F,38,BLACK_OR_AFRICAN_AMERICAN,WESTERN
"5/13/2023, 8:37 AM",4B,400 FONTHILL AVE,AGG. ASSAULT,PERSONAL_WEAPONS,F,18,BLACK_OR_AFRICAN_AMERICAN,SOUTHWEST
"5/13/2023, 6:30 PM",4B,5900 BELAIR RD,AGG. ASSAULT,BLUNT_OBJECT,M,51,WHITE,NORTHEAST
"5/13/2023, 6:45 PM",4E,4600 PEN LUCY RD,COMMON ASSAULT,PERSONAL_WEAPONS,F,29,WHITE,SOUTHWEST
"6/10/2023, 8:30 AM",5F,900 MC ALEER CT,BURGLARY,,F,38,WHITE,EASTERN
"6/10/2023, 9:30 AM",4E,3000 Thorndale Ave,COMMON ASSAULT,PERSONAL_WEAPONS,F,44,BLACK_OR_AFRICAN_AMERICAN,NORTHWEST
"6/10/2023, 10:16 AM",4E,300 N CHARLES ST,COMMON ASSAULT,PERSONAL_WEAPONS,M,22,WHITE,CENTRAL
"6/10/2023, 10:00 AM",4E,1000 N ELLAMONT ST,COMMON ASSAULT,PERSONAL_WEAPONS,F,19,BLACK_OR_AFRICAN_AMERICAN,SOUTHWEST
"6/11/2023, 1:20 AM",3G,0 E BALTIMORE ST,ROBBERY,,M,60,ASIAN,CENTRAL
"6/10/2023, 10:36 AM",4E,5500 Bowleys Ln,COMMON ASSAULT,PERSONAL_WEAPONS,F,22,BLACK_OR_AFRICAN_AMERICAN,NORTHEAST
"6/11/2023, 2:24 AM",4E,3500 BEECH AVE,COMMON ASSAULT,,M,,,NORTHERN
"6/11/2023, 2:24 AM",4E,3500 BEECH AVE,COMMON ASSAULT,,F,,,NORTHERN
"6/11/2023, 2:24 AM",4E,3500 BEECH AVE,COMMON ASSAULT,,M,,,NORTHERN
"6/11/2023, 2:24 AM",4E,3500 BEECH AVE,COMMON ASSAULT,,M,,,NORTHERN
"6/11/2023, 2:24 AM",4E,3500 BEECH AVE,COMMON ASSAULT,,M,,,NORTHERN
"6/11/2023, 1:20 AM",3G,0 E BALTIMORE ST,ROBBERY,,F,55,ASIAN,CENTRAL
"6/10/2023, 9:00 PM",4E,100 S ELLWOOD AVE,COMMON ASSAULT,,F,49,BLACK_OR_AFRICAN_AMERICAN,SOUTHEAST
"6/10/2023, 9:20 PM",4E,3600 GARRISON BLVD,COMMON ASSAULT,PERSONAL_WEAPONS,F,,BLACK_OR_AFRICAN_AMERICAN,NORTHWEST
"6/10/2023, 9:00 PM",7C,3300 MCELDERRY ST,AUTO THEFT,,M,56,WHITE,SOUTHEAST
"6/11/2023, 12:56 AM",3AF,4300 YORK RD,ROBBERY,FIREARM,M,65,BLACK_OR_AFRICAN_AMERICAN,NORTHERN
"6/10/2023, 6:15 AM",4E,1800 W LEXINGTON ST,COMMON ASSAULT,,F,26,BLACK_OR_AFRICAN_AMERICAN,WESTERN
"6/1/2023, 4:20 AM",7C,4000 ANNELLEN RD,AUTO THEFT,,F,71,BLACK_OR_AFRICAN_AMERICAN,NORTHWEST
"5/31/2023, 10:00 PM",4E,,COMMON ASSAULT,PERSONAL_WEAPONS,F,14,BLACK_OR_AFRICAN_AMERICAN,SOUTHEAST
"5/31/2023, 5:50 PM",6J,3800 SEQUOIA AVE,LARCENY,,F,93,,NORTHWEST
"5/31/2023, 10:00 AM",3GO,700 E 25TH ST,ROBBERY,PERSONAL_WEAPONS,M,32,BLACK_OR_AFRICAN_AMERICAN,NORTHEAST
"5/31/2023, 6:50 PM",4E,100 KANE ST,COMMON ASSAULT,PERSONAL_WEAPONS,F,15,UNKNOWN,SOUTHEAST
"5/31/2023, 7:12 PM",3AO,200 S WASHINGTON ST,ROBBERY,PERSONAL_WEAPONS,M,23,WHITE,SOUTHEAST
"5/31/2023, 7:20 PM",6F,200 E PRATT ST,LARCENY,,F,30,WHITE,CENTRAL
"5/31/2023, 10:00 AM",7C,1600 APPLETON ST,AUTO THEFT,,F,40,BLACK_OR_AFRICAN_AMERICAN,WESTERN
"5/31/2023, 11:12 AM",4A,2300 WICHITA AVE,AGG. ASSAULT,FIREARM,M,61,BLACK_OR_AFRICAN_AMERICAN,NORTHWEST
"5/31/2023, 6:00 AM",4E,400 ANNABEL AVE,COMMON ASSAULT,PERSONAL_WEAPONS,M,33,WHITE,SOUTHERN
"5/31/2023, 7:30 PM",4A,4100 EIERMAN AVE,AGG. ASSAULT,HANDGUN,M,9,BLACK_OR_AFRICAN_AMERICAN,NORTHEAST
"5/31/2023, 7:30 PM",4A,4100 EIERMAN AVE,AGG. ASSAULT,HANDGUN,F,59,BLACK_OR_AFRICAN_AMERICAN,NORTHEAST
"5/31/2023, 7:30 PM",4A,4100 EIERMAN AVE,AGG. ASSAULT,HANDGUN,F,2,BLACK_OR_AFRICAN_AMERICAN,NORTHEAST
"5/31/2023, 8:40 PM",4B,3400 OLD YORK RD,AGG. ASSAULT,KNIFE_CUTTING_INSTRUMENT,M,48,BLACK_OR_AFRICAN_AMERICAN,NORTHERN
"5/31/2023, 7:45 PM",6D,1700 E FAIRMOUNT AVE,LARCENY FROM AUTO,,F,76,WHITE,SOUTHEAST
"5/31/2023, 8:40 PM",4E,5200 ROLAND AVE,COMMON ASSAULT,PERSONAL_WEAPONS,M,27,BLACK_OR_AFRICAN_AMERICAN,NORTHERN
"5/31/2023, 10:30 AM",6F,2000 BROENING HWY,LARCENY,,F,22,,SOUTHEAST
"5/4/2023, 12:30 AM",6D,1800 ANNAPOLIS RD,LARCENY FROM AUTO,,,,,SOUTHERN
"5/4/2023, 12:00 AM",6D,400 S WICKHAM RD,LARCENY FROM AUTO,,,,,SOUTHWEST
"5/4/2023, 3:37 AM",3CF,1000 SAINT PAUL ST,ROBBERY - COMMERCIAL,HANDGUN,,,,CENTRAL
"5/3/2023, 9:00 AM",7C,5800 EDGEPARK RD,AUTO THEFT,,F,52,BLACK_OR_AFRICAN_AMERICAN,NORTHEAST
"5/3/2023, 4:38 PM",6F,2100 WASHINGTON BLVD,LARCENY,,,,,SOUTHERN
"5/3/2023, 6:00 PM",6F,200 E BIDDLE ST,LARCENY,,F,35,BLACK_OR_AFRICAN_AMERICAN,NORTHWEST
"5/3/2023, 11:20 PM",7C,1700 WADSWORTH WAY,AUTO THEFT,,F,56,BLACK_OR_AFRICAN_AMERICAN,NORTHEAST
"5/4/2023, 12:00 AM",6F,2100 Sherwood Ave,LARCENY,,M,64,BLACK_OR_AFRICAN_AMERICAN,EASTERN
"5/3/2023, 11:55 PM",5A,0 ENGLEWOOD RD,BURGLARY,,M,71,WHITE,NORTHERN
"5/4/2023, 1:54 AM",4B,700 W PRATT ST,AGG. ASSAULT,BLUNT_OBJECT,F,26,BLACK_OR_AFRICAN_AMERICAN,CENTRAL
"5/4/2023, 1:00 AM",4E,1600 AISQUITH ST,COMMON ASSAULT,PERSONAL_WEAPONS,M,13,BLACK_OR_AFRICAN_AMERICAN,EASTERN
"5/4/2023, 3:00 AM",5F,200 S CHAPEL ST,BURGLARY,,F,21,WHITE,SOUTHEAST
"5/4/2023, 3:00 AM",5F,200 S CHAPEL ST,BURGLARY,,M,24,WHITE,SOUTHEAST
"5/4/2023, 3:00 AM",5F,200 S CHAPEL ST,BURGLARY,,M,25,WHITE,SOUTHEAST
"5/4/2023, 2:00 AM",3AF,5200 KELWAY RD,ROBBERY,HANDGUN,M,32,,NORTHEAST
"5/3/2023, 6:05 AM",4E,3700 GARRISON BLVD,COMMON ASSAULT,PERSONAL_WEAPONS,F,23,BLACK_OR_AFRICAN_AMERICAN,NORTHWEST
"5/3/2023, 11:00 PM",6J,1100 E BELVEDERE AVE,LARCENY,,F,23,WHITE,NORTHERN
"5/4/2023, 5:00 AM",6D,6600 KNOTTWOOD CT,LARCENY FROM AUTO,,M,19,BLACK_OR_AFRICAN_AMERICAN,NORTHEAST
"5/23/2023, 5:00 AM",7C,5500 KENNISON AVE,AUTO THEFT,,F,33,BLACK_OR_AFRICAN_AMERICAN,NORTHWEST
"5/23/2023, 1:00 AM",6D,4400 CLIFTON RD,LARCENY FROM AUTO,,F,32,WHITE,NORTHWEST
"5/22/2023, 5:30 PM",7C,4700 AMBERLEY AVE,AUTO THEFT,,F,65,BLACK_OR_AFRICAN_AMERICAN,SOUTHWEST
"5/22/2023, 10:30 PM",7C,5000 CONANT WAY,AUTO THEFT,,F,45,BLACK_OR_AFRICAN_AMERICAN,NORTHEAST
"5/23/2023, 1:00 AM",7C,2700 KINSEY AVE,AUTO THEFT,,F,44,BLACK_OR_AFRICAN_AMERICAN,SOUTHWEST
"5/23/2023, 2:35 AM",4E,900 ASHLAND CT,COMMON ASSAULT,PERSONAL_WEAPONS,F,30,BLACK_OR_AFRICAN_AMERICAN,EASTERN
"5/23/2023, 4:00 AM",6D,500 S LEHIGH ST,LARCENY FROM AUTO,,M,26,,SOUTHEAST
"5/22/2023, 7:00 PM",5F,0 LIGHT ST,BURGLARY,,F,33,BLACK_OR_AFRICAN_AMERICAN,CENTRAL
"5/23/2023, 1:00 AM",5A,2700 THE ALAMEDA,BURGLARY,,F,36,BLACK_OR_AFRICAN_AMERICAN,NORTHEAST
"5/22/2023, 3:30 PM",4E,3800 COTTAGE AVE,COMMON ASSAULT,PERSONAL_WEAPONS,M,31,BLACK_OR_AFRICAN_AMERICAN,NORTHERN
"5/22/2023, 4:45 PM",4B,1300 PENNSYLVANIA AVE,AGG. ASSAULT,PERSONAL_WEAPONS,F,18,BLACK_OR_AFRICAN_AMERICAN,CENTRAL
"5/22/2023, 3:00 PM",4E,2100 W BALTIMORE ST,COMMON ASSAULT,PERSONAL_WEAPONS,F,24,WHITE,WESTERN
"5/22/2023, 4:30 PM",4E,1500 CHERRY HILL RD,COMMON ASSAULT,PERSONAL_WEAPONS,F,28,BLACK_OR_AFRICAN_AMERICAN,SOUTHERN
"5/23/2023, 12:15 AM",4A,200 E UNIVERSITY PKWY,AGG. ASSAULT,HANDGUN,M,38,BLACK_OR_AFRICAN_AMERICAN,NORTHERN
"5/22/2023, 5:00 PM",7C,5300 LOCH RAVEN BLVD,AUTO THEFT,,M,48,BLACK_OR_AFRICAN_AMERICAN,NORTHEAST
"5/21/2023, 1:34 PM",3CF,500 E PATAPSCO AVE,ROBBERY - COMMERCIAL,HANDGUN,,,,SOUTHERN
"5/21/2023, 2:30 PM",6C,1000 PARK AVE,LARCENY,,,,,CENTRAL
"4/23/2023, 8:00 AM",6D,1800 INGRAM RD,LARCENY FROM AUTO,,M,35,BLACK_OR_AFRICAN_AMERICAN,NORTHEAST
"4/24/2023, 1:40 AM",5F,0 YOGURT LN,BURGLARY,,F,31,WHITE,SOUTHEAST
"4/23/2023, 4:34 PM",6F,2200 CECIL AVE,LARCENY,,F,24,BLACK_OR_AFRICAN_AMERICAN,EASTERN
"4/23/2023, 4:30 PM",4E,3100 WISTERIA AVE,COMMON ASSAULT,PERSONAL_WEAPONS,F,20,BLACK_OR_AFRICAN_AMERICAN,NORTHEAST
"4/23/2023, 4:00 PM",6J,2400 AISQUITH ST,LARCENY,,F,38,BLACK_OR_AFRICAN_AMERICAN,EASTERN
"4/23/2023, 11:50 PM",4E,2700 W NORTH AVE,COMMON ASSAULT,PERSONAL_WEAPONS,F,64,BLACK_OR_AFRICAN_AMERICAN,SOUTHWEST
"4/23/2023, 10:45 PM",4C,6000 AMBERWOOD RD,AGG. ASSAULT,OTHER,F,,BLACK_OR_AFRICAN_AMERICAN,NORTHEAST
"4/23/2023, 4:00 PM",7C,5000 WRIGHT AVE,AUTO THEFT,,F,73,WHITE,NORTHEAST
"4/24/2023, 1:00 AM",6D,3700 FRANKFORD AVE,LARCENY FROM AUTO,,M,53,WHITE,NORTHEAST
"4/23/2023, 4:15 AM",7C,4500 PENHURST AVE,AUTO THEFT,,M,32,BLACK_OR_AFRICAN_AMERICAN,NORTHWEST
"4/22/2023, 10:30 PM",4E,2000 DEERING AVE,COMMON ASSAULT,PERSONAL_WEAPONS,F,58,BLACK_OR_AFRICAN_AMERICAN,SOUTHWEST
"4/22/2023, 12:00 PM",2A,300 St Paul Place,RAPE,,F,24,BLACK_OR_AFRICAN_AMERICAN,CENTRAL
"4/22/2023, 10:00 PM",6D,3500 JUNEWAY,LARCENY FROM AUTO,,F,32,,NORTHEAST
"4/23/2023, 4:00 AM",7C,100 N CHARLES ST,AUTO THEFT,,M,44,BLACK_OR_AFRICAN_AMERICAN,CENTRAL
"4/22/2023, 4:30 PM",7C,300 N ATHOL AVE,AUTO THEFT,,M,40,WHITE,SOUTHWEST
"4/23/2023, 4:00 AM",7C,4600 LUERSSEN AVE,AUTO THEFT,,F,30,BLACK_OR_AFRICAN_AMERICAN,NORTHEAST
"4/23/2023, 2:30 AM",4B,,AGG. ASSAULT,BLUNT_OBJECT,F,38,BLACK_OR_AFRICAN_AMERICAN,NORTHEAST
"5/13/2023, 6:00 PM",4C,1400 MADISON AVE,AGG. ASSAULT,OTHER,M,39,BLACK_OR_AFRICAN_AMERICAN,CENTRAL
"5/13/2023, 10:15 AM",5A,1800 PRESSTMAN ST,BURGLARY,,F,32,BLACK_OR_AFRICAN_AMERICAN,WESTERN
"5/13/2023, 10:00 AM",4B,1300 KENHILL AVE,AGG. ASSAULT,KNIFE_CUTTING_INSTRUMENT,F,26,BLACK_OR_AFRICAN_AMERICAN,EASTERN
"5/13/2023, 12:00 PM",3JF,4700 GARRISON BLVD,ROBBERY,HANDGUN,M,36,WHITE,NORTHWEST
"5/13/2023, 11:30 PM",7C,2200 LAKE AVE,AUTO THEFT,,M,57,WHITE,NORTHEAST
"5/14/2023, 1:50 AM",3AJF,1600 E 32ND ST,ROBBERY - CARJACKING,HANDGUN,M,26,BLACK_OR_AFRICAN_AMERICAN,NORTHEAST
"5/12/2023, 6:00 AM",6D,2500 MADISON AVE,LARCENY FROM AUTO,,M,49,,CENTRAL
"5/13/2023, 9:57 PM",3AO,3700 St Victor Street,ROBBERY,PERSONAL_WEAPONS,M,,WHITE,SOUTHERN
"5/13/2023, 7:30 PM",6D,5000 FALLS ROAD TER,LARCENY FROM AUTO,,F,46,WHITE,NORTHERN
"5/14/2023, 4:00 AM",7C,700 N CENTRAL AVE,AUTO THEFT,,M,73,BLACK_OR_AFRICAN_AMERICAN,EASTERN
"5/14/2023, 12:00 AM",7C,3200 BURLEITH AVE,AUTO THEFT,,M,35,BLACK_OR_AFRICAN_AMERICAN,NORTHWEST
"5/13/2023, 7:23 PM",4E,1300 WHATCOAT ST,COMMON ASSAULT,PERSONAL_WEAPONS,F,14,BLACK_OR_AFRICAN_AMERICAN,WESTERN
"5/13/2023, 7:23 PM",4E,1300 WHATCOAT ST,COMMON ASSAULT,PERSONAL_WEAPONS,M,,BLACK_OR_AFRICAN_AMERICAN,WESTERN
"5/13/2023, 10:00 PM",3AF,3200 Tivoly Ave,ROBBERY,HANDGUN,M,30,BLACK_OR_AFRICAN_AMERICAN,NORTHEAST
"5/13/2023, 10:00 AM",7C,1100 BRADDISH AVE,AUTO THEFT,,F,25,BLACK_OR_AFRICAN_AMERICAN,SOUTHWEST
"5/13/2023, 6:00 PM",6F,600 CHERRY HILL RD,LARCENY,,F,61,BLACK_OR_AFRICAN_AMERICAN,SOUTHERN
"5/13/2023, 11:00 PM",7C,200 ROUNDHOUSE CT,AUTO THEFT,,M,23,ASIAN,SOUTHERN
"6/10/2023, 7:11 AM",3AJF,1100 LAURENS ST,ROBBERY - CARJACKING,FIREARM,M,33,BLACK_OR_AFRICAN_AMERICAN,WESTERN
"6/10/2023, 6:30 AM",4E,1100 S CHARLES ST,COMMON ASSAULT,PERSONAL_WEAPONS,M,23,WHITE,SOUTHERN
"6/10/2023, 9:55 PM",5F,1800 SPENCE ST,BURGLARY,,M,61,BLACK_OR_AFRICAN_AMERICAN,SOUTHWEST
"6/10/2023, 12:30 PM",7C,800 PONTIAC AVE,AUTO THEFT,,M,35,,SOUTHERN
"6/11/2023, 1:12 AM",4E,1200 MOSHER ST,COMMON ASSAULT,,F,56,BLACK_OR_AFRICAN_AMERICAN,WESTERN
"6/11/2023, 12:50 AM",4E,900 COOKS LN,COMMON ASSAULT,PERSONAL_WEAPONS,M,28,BLACK_OR_AFRICAN_AMERICAN,SOUTHWEST
"6/10/2023, 8:00 PM",7C,5200 THE ALAMEDA,AUTO THEFT,,M,52,BLACK_OR_AFRICAN_AMERICAN,NORTHERN
"6/10/2023, 7:05 AM",4E,1300 PONCA ST,COMMON ASSAULT,UNKNOWN,M,25,UNKNOWN,SOUTHEAST
"6/11/2023, 1:30 AM",4E,5200 LOCH RAVEN BLVD,COMMON ASSAULT,PERSONAL_WEAPONS,F,32,BLACK_OR_AFRICAN_AMERICAN,NORTHEAST
"6/10/2023, 7:00 AM",5B,2800 W NORTH AVE,BURGLARY,,,,,SOUTHWEST
"6/10/2023, 5:27 PM",6C,3700 FALLS RD,LARCENY,,,,,NORTHERN
"6/10/2023, 11:40 PM",6G,4500 ERDMAN AVE,LARCENY,,,,,EASTERN
"6/10/2023, 7:00 PM",6C,2100 W PATAPSCO AVE,LARCENY,,,,,SOUTHERN
"6/11/2023, 4:30 AM",6D,5400 REISTERSTOWN RD,LARCENY FROM AUTO,,M,49,BLACK_OR_AFRICAN_AMERICAN,NORTHWEST
"6/11/2023, 3:00 AM",7C,3100 E LOMBARD ST,AUTO THEFT,,F,52,WHITE,SOUTHEAST
"6/10/2023, 12:32 PM",1K,400 E LORRAINE AVE,HOMICIDE,KNIFE,Female,43,BLACK_OR_AFRICAN_AMERICAN,NORTHERN
"6/11/2023, 12:13 AM",9S,4800 BOWLAND AVE,SHOOTING,FIREARM,Male,21,BLACK_OR_AFRICAN_AMERICAN,NORTHEAST
"6/10/2023, 10:49 PM",1A,2200 ASHTON ST,HOMICIDE,FIREARM,Male,48,BLACK_OR_AFRICAN_AMERICAN,SOUTHWEST
"6/1/2023, 12:30 AM",7C,400 E BIDDLE ST,AUTO THEFT,,M,25,WHITE,EASTERN
"5/31/2023, 7:15 AM",4E,400 St Paul Place,COMMON ASSAULT,PERSONAL_WEAPONS,M,31,,CENTRAL
"5/31/2023, 9:30 PM",7C,5600 FRANKFORD AVE,AUTO THEFT,,M,33,BLACK_OR_AFRICAN_AMERICAN,NORTHEAST
"5/31/2023, 11:00 PM",7C,CHASE ST & GUILFORD AV,AUTO THEFT,,M,40,,CENTRAL
"5/31/2023, 7:00 AM",4B,1600 MOUNTMOR CT,AGG. ASSAULT,PERSONAL_WEAPONS,M,52,BLACK_OR_AFRICAN_AMERICAN,WESTERN
"5/31/2023, 10:30 AM",4B,3200 NORMOUNT AVE,AGG. ASSAULT,UNKNOWN,M,38,WHITE,SOUTHWEST
"5/31/2023, 10:30 AM",4E,3200 NORMOUNT AVE,COMMON ASSAULT,UNKNOWN,F,39,WHITE,SOUTHWEST
"5/31/2023, 12:30 PM",7C,2300 WHITTIER AVE,AUTO THEFT,,F,56,BLACK_OR_AFRICAN_AMERICAN,WESTERN
"5/31/2023, 3:50 PM",4E,1200 CAMBRIA ST,COMMON ASSAULT,,F,18,BLACK_OR_AFRICAN_AMERICAN,SOUTHERN
"6/1/2023, 2:30 AM",7C,2800 GANLEY DR,AUTO THEFT,,F,55,BLACK_OR_AFRICAN_AMERICAN,SOUTHERN
"6/1/2023, 4:30 AM",7C,1000 AISQUITH ST,AUTO THEFT,,F,74,BLACK_OR_AFRICAN_AMERICAN,EASTERN
"6/1/2023, 12:30 AM",7C,1700 E OLIVER ST,AUTO THEFT,,M,35,BLACK_OR_AFRICAN_AMERICAN,EASTERN
"6/1/2023, 5:47 AM",4E,900 E PATAPSCO AVE,COMMON ASSAULT,,M,27,,SOUTHERN
"6/1/2023, 1:00 AM",6J,100 S PATTERSON PARK AVE,LARCENY,,F,24,WHITE,SOUTHEAST
"6/1/2023, 1:00 AM",6J,1900 E LAFAYETTE AVE,LARCENY,,M,50,BLACK_OR_AFRICAN_AMERICAN,EASTERN
"5/31/2023, 7:00 PM",5B,500 FREEMAN ST,BURGLARY,,M,47,WHITE,SOUTHERN
"5/31/2023, 10:00 AM",5A,3000 PULASKI HWY,BURGLARY,,F,38,,SOUTHEAST
"5/31/2023, 11:12 AM",7C,2300 WICHITA AVE,AUTO THEFT,FIREARM,F,52,BLACK_OR_AFRICAN_AMERICAN,NORTHWEST
"5/3/2023, 11:05 PM",4E,3300 W CATON AVE,COMMON ASSAULT,,F,44,BLACK_OR_AFRICAN_AMERICAN,SOUTHWEST
"5/4/2023, 2:01 AM",6F,100 W 29TH ST,LARCENY,,M,37,BLACK_OR_AFRICAN_AMERICAN,NORTHERN
"5/4/2023, 3:37 AM",3P,1000 SAINT PAUL ST,ROBBERY,HANDGUN,M,34,,CENTRAL
"5/4/2023, 12:00 AM",7C,5600 O'DONNELL ST,AUTO THEFT,,F,,,SOUTHEAST
"5/3/2023, 4:00 PM",7C,1100 WATSON ST,AUTO THEFT,,M,82,,SOUTHEAST
"5/4/2023, 5:30 AM",6F,3700 GREENSPRING AVE,LARCENY,,F,70,BLACK_OR_AFRICAN_AMERICAN,NORTHWEST
"5/3/2023, 4:50 PM",7C,200 E 24TH ST,AUTO THEFT,,F,29,WHITE,NORTHERN
"5/3/2023, 6:00 PM",5F,1600 BANK ST,BURGLARY,,M,61,BLACK_OR_AFRICAN_AMERICAN,SOUTHEAST
"5/3/2023, 1:00 PM",4E,500 N CAROLINE ST,COMMON ASSAULT,PERSONAL_WEAPONS,F,71,BLACK_OR_AFRICAN_AMERICAN,EASTERN
"5/3/2023, 1:45 PM",4E,1200 S CATON AVE,COMMON ASSAULT,PERSONAL_WEAPONS,M,43,,SOUTHWEST
"5/3/2023, 1:45 PM",4E,5200 BEAUFORT AVE,COMMON ASSAULT,PERSONAL_WEAPONS,M,42,UNKNOWN,NORTHWEST
"5/3/2023, 8:30 PM",4E,0 E MADISON ST,COMMON ASSAULT,PERSONAL_WEAPONS,M,32,BLACK_OR_AFRICAN_AMERICAN,CENTRAL
"5/4/2023, 4:00 AM",6D,1000 REVERDY RD,LARCENY FROM AUTO,,F,33,BLACK_OR_AFRICAN_AMERICAN,NORTHERN
"5/4/2023, 4:45 AM",5A,2700 ERDMAN AVE,BURGLARY,,M,60,BLACK_OR_AFRICAN_AMERICAN,NORTHEAST
"5/4/2023, 4:30 AM",7C,4000 CEDARDALE RD,AUTO THEFT,,F,38,BLACK_OR_AFRICAN_AMERICAN,NORTHWEST
"5/3/2023, 9:00 PM",4E,1300 N CAROLINE ST,COMMON ASSAULT,PERSONAL_WEAPONS,F,38,BLACK_OR_AFRICAN_AMERICAN,EASTERN
"5/3/2023, 10:00 PM",4E,200 N HOWARD ST,COMMON ASSAULT,PERSONAL_WEAPONS,F,16,BLACK_OR_AFRICAN_AMERICAN,CENTRAL
"4/22/2023, 1:00 PM",6D,4300 PARKWOOD AVE,LARCENY FROM AUTO,,M,31,BLACK_OR_AFRICAN_AMERICAN,NORTHEAST
"4/22/2023, 9:30 AM",4E,1900 GREENMOUNT AVE,COMMON ASSAULT,PERSONAL_WEAPONS,F,31,BLACK_OR_AFRICAN_AMERICAN,EASTERN
"4/22/2023, 8:28 AM",4C,1600 N BROADWAY,AGG. ASSAULT,OTHER,F,34,WHITE,EASTERN
"4/22/2023, 8:00 AM",4E,2400 WILKENS AVE,COMMON ASSAULT,PERSONAL_WEAPONS,F,32,BLACK_OR_AFRICAN_AMERICAN,SOUTHWEST
"4/22/2023, 8:56 AM",4E,700 ALICEANNA ST,COMMON ASSAULT,PERSONAL_WEAPONS,M,26,WHITE,SOUTHEAST
"4/22/2023, 7:47 AM",7C,1200 SEMINOLE AVE,AUTO THEFT,,F,85,BLACK_OR_AFRICAN_AMERICAN,SOUTHWEST
"4/22/2023, 8:00 PM",6F,2800 W LANVALE ST,LARCENY,,F,43,BLACK_OR_AFRICAN_AMERICAN,WESTERN
"4/22/2023, 4:30 PM",7C,5500 TODD AVE,AUTO THEFT,,M,37,BLACK_OR_AFRICAN_AMERICAN,NORTHEAST
"4/22/2023, 6:00 AM",7C,100 S GAY ST,AUTO THEFT,,M,28,BLACK_OR_AFRICAN_AMERICAN,CENTRAL
"4/22/2023, 8:15 PM",3AF,5100 THE ALAMEDA,ROBBERY,HANDGUN,M,20,BLACK_OR_AFRICAN_AMERICAN,NORTHERN
"4/23/2023, 12:30 AM",4E,1300 CHURCH ST,COMMON ASSAULT,PERSONAL_WEAPONS,F,43,WHITE,SOUTHERN
"4/23/2023, 4:00 AM",4B,5400 SINCLAIR GREENS DR,AGG. ASSAULT,PERSONAL_WEAPONS,F,66,BLACK_OR_AFRICAN_AMERICAN,NORTHEAST
"4/22/2023, 10:00 PM",6D,1400 MEDFIELD AVE,LARCENY FROM AUTO,,F,23,,NORTHERN
"4/23/2023, 4:30 AM",7C,3800 RIDGECROFT RD,AUTO THEFT,,F,45,BLACK_OR_AFRICAN_AMERICAN,NORTHEAST
"4/23/2023, 1:30 AM",4E,3200 PELHAM AVE,COMMON ASSAULT,PERSONAL_WEAPONS,F,27,BLACK_OR_AFRICAN_AMERICAN,NORTHEAST
"4/23/2023, 1:00 AM",6D,1700 WAVERLY WAY,LARCENY FROM AUTO,,F,40,BLACK_OR_AFRICAN_AMERICAN,NORTHEAST
"4/23/2023, 1:48 AM",4B,100 N HIGHLAND AVE,AGG. ASSAULT,KNIFE_CUTTING_INSTRUMENT,F,45,,SOUTHEAST
"5/13/2023, 10:22 PM",3AO,700 CATHEDRAL ST,ROBBERY,PERSONAL_WEAPONS,F,62,WHITE,CENTRAL
"5/13/2023, 11:50 PM",5A,1800 N FULTON AVE,BURGLARY,,F,44,WHITE,WESTERN
"5/13/2023, 12:00 AM",4B,100 S LINWOOD AVE,AGG. ASSAULT,BLUNT_OBJECT,M,14,,SOUTHEAST
"5/12/2023, 9:00 AM",7C,2600 GWYNNS FALLS PKWY,AUTO THEFT,,U,39,BLACK_OR_AFRICAN_AMERICAN,NORTHWEST
"5/13/2023, 1:00 AM",6J,0 E HENRIETTA ST,LARCENY,,F,26,WHITE,SOUTHERN
"5/12/2023, 11:00 PM",7C,1100 W NORTHERN PKWY,AUTO THEFT,,F,66,WHITE,NORTHERN
"5/12/2023, 11:00 PM",7C,200 N LIBERTY ST,AUTO THEFT,,M,31,BLACK_OR_AFRICAN_AMERICAN,CENTRAL
"5/12/2023, 9:00 PM",5A,4200 SHELDON AVE,BURGLARY,,M,73,BLACK_OR_AFRICAN_AMERICAN,NORTHEAST
"5/13/2023, 3:00 AM",3AO,0 E REDWOOD ST,ROBBERY,PERSONAL_WEAPONS,F,27,WHITE,CENTRAL
"5/12/2023, 9:00 PM",7C,1500 RAMBLEWOOD RD,AUTO THEFT,,F,48,BLACK_OR_AFRICAN_AMERICAN,NORTHEAST
"5/12/2023, 7:22 PM",3AJO,2200 N FULTON AVE,ROBBERY - CARJACKING,BLUNT_OBJECT,F,27,BLACK_OR_AFRICAN_AMERICAN,WESTERN
"5/12/2023, 8:30 PM",6F,2100 E MONUMENT ST,LARCENY,,F,42,BLACK_OR_AFRICAN_AMERICAN,EASTERN
"5/12/2023, 3:00 PM",6F,4300 HAYWARD AVE,LARCENY,,M,36,BLACK_OR_AFRICAN_AMERICAN,NORTHWEST
"5/12/2023, 9:42 PM",4E,4600 YORK RD,COMMON ASSAULT,PERSONAL_WEAPONS,M,23,BLACK_OR_AFRICAN_AMERICAN,NORTHERN
"5/12/2023, 9:42 PM",4E,4600 YORK RD,COMMON ASSAULT,PERSONAL_WEAPONS,F,19,BLACK_OR_AFRICAN_AMERICAN,NORTHERN
"5/12/2023, 4:00 PM",4E,700 GOLD ST,COMMON ASSAULT,PERSONAL_WEAPONS,F,13,BLACK_OR_AFRICAN_AMERICAN,WESTERN
"5/12/2023, 7:30 PM",7C,1700 SWANSEA RD,AUTO THEFT,,F,37,BLACK_OR_AFRICAN_AMERICAN,NORTHEAST
"6/10/2023, 11:00 PM",4E,3400 CHESTERFIELD AVE,COMMON ASSAULT,PERSONAL_WEAPONS,F,31,BLACK_OR_AFRICAN_AMERICAN,NORTHEAST
"6/10/2023, 10:10 PM",3AO,300 W LEXINGTON ST,ROBBERY,PERSONAL_WEAPONS,F,20,BLACK_OR_AFRICAN_AMERICAN,CENTRAL
"6/11/2023, 12:30 AM",7C,1200 KITMORE RD,AUTO THEFT,,M,27,BLACK_OR_AFRICAN_AMERICAN,NORTHERN
"6/11/2023, 12:00 AM",3AO,1000 W BARRE ST,ROBBERY,PERSONAL_WEAPONS,F,29,BLACK_OR_AFRICAN_AMERICAN,SOUTHERN
"6/10/2023, 8:43 PM",6F,100 N SCHROEDER ST,LARCENY,,F,65,,WESTERN
"6/10/2023, 4:00 PM",7C,2200 E CHASE ST,AUTO THEFT,,M,42,,EASTERN
"6/10/2023, 4:00 PM",7C,2200 E CHASE ST,AUTO THEFT,,M,38,,EASTERN
"6/10/2023, 7:00 PM",4E,3000 SEABURY RD,COMMON ASSAULT,PERSONAL_WEAPONS,F,51,BLACK_OR_AFRICAN_AMERICAN,SOUTHERN
"6/11/2023, 5:00 AM",4E,5300 WRIGHT AVE,COMMON ASSAULT,PERSONAL_WEAPONS,F,19,WHITE,NORTHEAST
"6/11/2023, 5:40 AM",6F,6600 PINE AVE,LARCENY,,F,52,WHITE,SOUTHEAST
"6/10/2023, 3:52 PM",6F,600 S CHARLES ST,LARCENY,FIREARM,F,25,BLACK_OR_AFRICAN_AMERICAN,SOUTHERN
"6/10/2023, 7:00 PM",6J,900 S CATON AVE,LARCENY,,M,23,BLACK_OR_AFRICAN_AMERICAN,SOUTHWEST
"6/10/2023, 10:30 PM",7C,1500 NORTHBOURNE RD,AUTO THEFT,,M,50,BLACK_OR_AFRICAN_AMERICAN,NORTHEAST
"6/10/2023, 11:00 PM",4E,1800 N CHARLES ST,COMMON ASSAULT,,M,25,AMERICAN_INDIAN_OR_ALASKA_NATIVE,CENTRAL
"6/10/2023, 11:00 PM",4B,2200 W NORTH AVE,AGG. ASSAULT,KNIFE_CUTTING_INSTRUMENT,M,65,BLACK_OR_AFRICAN_AMERICAN,WESTERN
"6/10/2023, 11:00 PM",4E,1300 JAMES ST,COMMON ASSAULT,PERSONAL_WEAPONS,F,38,BLACK_OR_AFRICAN_AMERICAN,SOUTHERN
"6/10/2023, 7:30 PM",7C,900 N PATTERSON PARK AVE,AUTO THEFT,,M,30,BLACK_OR_AFRICAN_AMERICAN,EASTERN
"5/31/2023, 12:00 PM",4B,0 S PULASKI ST,AGG. ASSAULT,PERSONAL_WEAPONS,M,36,BLACK_OR_AFRICAN_AMERICAN,SOUTHWEST
"5/31/2023, 1:11 PM",4B,4400 OLD FREDERICK RD,AGG. ASSAULT,PERSONAL_WEAPONS,F,26,BLACK_OR_AFRICAN_AMERICAN,SOUTHWEST
"5/31/2023, 1:45 PM",7C,2900 EDGECOMBE CIR N,AUTO THEFT,,M,53,BLACK_OR_AFRICAN_AMERICAN,NORTHERN
"5/31/2023, 6:12 AM",7C,900 MCHENRY ST,AUTO THEFT,,F,60,,SOUTHERN
"5/31/2023, 9:20 PM",3AJF,3600 BREHMS LN,ROBBERY - CARJACKING,HANDGUN,M,74,ASIAN,NORTHEAST
"5/31/2023, 6:25 AM",7C,4000 COLBORNE RD,AUTO THEFT,,F,63,BLACK_OR_AFRICAN_AMERICAN,SOUTHWEST
"5/30/2023, 6:40 AM",3AO,400 E 25TH ST,ROBBERY,PERSONAL_WEAPONS,M,52,BLACK_OR_AFRICAN_AMERICAN,NORTHERN
"5/30/2023, 7:11 AM",4E,500 S BROADWAY,COMMON ASSAULT,,M,49,WHITE,SOUTHEAST
"5/30/2023, 7:12 AM",4B,3500 PARKLAWN AVE,AGG. ASSAULT,KNIFE_CUTTING_INSTRUMENT,M,63,BLACK_OR_AFRICAN_AMERICAN,NORTHEAST
"5/30/2023, 7:00 AM",4E,700 S BROADWAY,COMMON ASSAULT,,F,39,BLACK_OR_AFRICAN_AMERICAN,SOUTHEAST
"5/30/2023, 7:15 AM",4B,6800 STURBRIDGE DR,AGG. ASSAULT,PERSONAL_WEAPONS,M,31,BLACK_OR_AFRICAN_AMERICAN,NORTHEAST
"5/30/2023, 8:10 AM",4E,2300 N LONGWOOD ST,COMMON ASSAULT,PERSONAL_WEAPONS,F,26,BLACK_OR_AFRICAN_AMERICAN,SOUTHWEST
"5/30/2023, 5:37 PM",3P,3900 CHESTLE PL,ROBBERY,HANDGUN,M,55,WHITE,SOUTHEAST
"5/30/2023, 5:30 PM",4E,1400 W LEXINGTON ST,COMMON ASSAULT,PERSONAL_WEAPONS,M,14,BLACK_OR_AFRICAN_AMERICAN,WESTERN
"5/31/2023, 5:00 AM",5F,600 WASHINGTON BLVD,BURGLARY,,M,36,BLACK_OR_AFRICAN_AMERICAN,SOUTHERN
"5/30/2023, 8:35 AM",7C,1600 PENTWOOD RD,AUTO THEFT,,M,26,BLACK_OR_AFRICAN_AMERICAN,NORTHEAST
"4/12/2023, 3:49 PM",6F,3500 BOSTON ST,LARCENY,,F,42,BLACK_OR_AFRICAN_AMERICAN,SOUTHEAST
"4/12/2023, 4:12 PM",4E,3100 GREENMOUNT AVE,COMMON ASSAULT,PERSONAL_WEAPONS,F,37,BLACK_OR_AFRICAN_AMERICAN,NORTHERN
"4/13/2023, 2:30 AM",4B,600 E 33RD ST,AGG. ASSAULT,PERSONAL_WEAPONS,M,41,WHITE,NORTHERN
"4/13/2023, 2:30 AM",4B,600 E 33RD ST,AGG. ASSAULT,PERSONAL_WEAPONS,F,45,WHITE,NORTHERN
"4/13/2023, 2:30 AM",3JO,600 E 33RD ST,ROBBERY,PERSONAL_WEAPONS,F,43,WHITE,NORTHERN
"4/12/2023, 8:00 PM",6D,3900 GROVELAND AVE,LARCENY FROM AUTO,,F,58,BLACK_OR_AFRICAN_AMERICAN,NORTHWEST
"4/12/2023, 4:30 PM",3AK,3100 FRISBY ST,ROBBERY,KNIFE_CUTTING_INSTRUMENT,F,17,WHITE,NORTHERN
"4/12/2023, 5:00 PM",4E,4200 PENHURST AVE,COMMON ASSAULT,PERSONAL_WEAPONS,M,58,BLACK_OR_AFRICAN_AMERICAN,NORTHWEST
"4/13/2023, 5:40 AM",7C,6200 SHIPVIEW WAY,AUTO THEFT,,F,29,BLACK_OR_AFRICAN_AMERICAN,SOUTHEAST
"4/13/2023, 5:04 AM",4B,0 LIGHT ST,AGG. ASSAULT,BLUNT_OBJECT,M,39,BLACK_OR_AFRICAN_AMERICAN,CENTRAL
"4/13/2023, 4:26 AM",6F,2200 N FULTON AVE,LARCENY,,M,28,,WESTERN
"4/12/2023, 11:11 PM",6G,700 E CHASE ST,LARCENY,,F,33,BLACK_OR_AFRICAN_AMERICAN,EASTERN
"4/12/2023, 2:40 PM",6D,2500 W PRATT ST,LARCENY FROM AUTO,,M,59,BLACK_OR_AFRICAN_AMERICAN,SOUTHWEST
"4/12/2023, 2:20 PM",4E,500 ARCHER ST,COMMON ASSAULT,PERSONAL_WEAPONS,M,36,BLACK_OR_AFRICAN_AMERICAN,SOUTHERN
"4/12/2023, 6:01 AM",4E,2100 HARMAN AVE,COMMON ASSAULT,PERSONAL_WEAPONS,M,13,WHITE,SOUTHWEST
"4/13/2023, 4:22 AM",6F,4300 RASPE AVE,LARCENY,,F,17,BLACK_OR_AFRICAN_AMERICAN,NORTHEAST
"4/12/2023, 10:30 PM",6F,3400 DOLFIELD AVE,LARCENY,,F,67,BLACK_OR_AFRICAN_AMERICAN,NORTHWEST
"4/13/2023, 4:00 AM",7C,1600 HOLLINS ST,AUTO THEFT,,M,32,,SOUTHERN
"4/12/2023, 8:59 PM",6F,200 N BROADWAY,LARCENY,,M,33,WHITE,SOUTHEAST
"4/12/2023, 11:00 AM",6D,300 KANE ST,LARCENY FROM AUTO,,M,33,BLACK_OR_AFRICAN_AMERICAN,SOUTHEAST
"4/13/2023, 1:30 AM",6D,5000 PLAINFIELD AVE,LARCENY FROM AUTO,,F,38,BLACK_OR_AFRICAN_AMERICAN,NORTHEAST
"4/12/2023, 10:56 AM",6D,3700 SPRINGDALE AVE,LARCENY FROM AUTO,,M,48,BLACK_OR_AFRICAN_AMERICAN,NORTHWEST
"4/12/2023, 10:56 AM",4A,3100 THE ALAMEDA,AGG. ASSAULT,HANDGUN,F,57,BLACK_OR_AFRICAN_AMERICAN,NORTHEAST
"4/12/2023, 11:20 AM",4E,500 N ROBINSON ST,COMMON ASSAULT,PERSONAL_WEAPONS,F,25,BLACK_OR_AFRICAN_AMERICAN,SOUTHEAST
"4/12/2023, 6:00 AM",6D,5300 BARBARA AVE,LARCENY FROM AUTO,,F,25,WHITE,NORTHEAST
"4/12/2023, 6:00 AM",6D,5300 BARBARA AVE,LARCENY FROM AUTO,,F,44,BLACK_OR_AFRICAN_AMERICAN,NORTHEAST
"4/12/2023, 6:00 AM",6D,5300 BARBARA AVE,LARCENY FROM AUTO,,F,41,BLACK_OR_AFRICAN_AMERICAN,NORTHEAST
"4/12/2023, 5:30 PM",4E,1600 GUILFORD AVE,COMMON ASSAULT,PERSONAL_WEAPONS,M,13,BLACK_OR_AFRICAN_AMERICAN,EASTERN
"4/12/2023, 8:53 PM",4E,2100 WINDSOR GARDENS LN,COMMON ASSAULT,PERSONAL_WEAPONS,M,66,BLACK_OR_AFRICAN_AMERICAN,SOUTHWEST
"4/13/2023, 5:00 AM",7C,5000 DENVIEW WAY,AUTO THEFT,,F,54,BLACK_OR_AFRICAN_AMERICAN,NORTHEAST
"4/12/2023, 6:00 PM",6F,300 WHITRIDGE AVE,LARCENY,,F,71,BLACK_OR_AFRICAN_AMERICAN,NORTHERN
"4/12/2023, 6:00 PM",7C,4800 LIBERTY HEIGHTS AVE,AUTO THEFT,,F,20,BLACK_OR_AFRICAN_AMERICAN,NORTHWEST
"4/12/2023, 9:41 PM",4E,1200 BLOOMINGDALE RD,COMMON ASSAULT,PERSONAL_WEAPONS,F,41,BLACK_OR_AFRICAN_AMERICAN,SOUTHWEST
"5/3/2023, 10:00 PM",4E,200 N HOWARD ST,COMMON ASSAULT,PERSONAL_WEAPONS,F,16,BLACK_OR_AFRICAN_AMERICAN,CENTRAL
"5/4/2023, 1:50 AM",7C,300 LIGHT ST,AUTO THEFT,,M,32,BLACK_OR_AFRICAN_AMERICAN,CENTRAL
"5/4/2023, 2:40 AM",4C,1100 N MOUNT ST,AGG. ASSAULT,OTHER,F,13,BLACK_OR_AFRICAN_AMERICAN,WESTERN
"5/4/2023, 3:00 AM",4E,1800 WILKENS AVE,COMMON ASSAULT,PERSONAL_WEAPONS,M,68,WHITE,SOUTHERN
"5/4/2023, 2:00 AM",3AO,1300 W SARATOGA ST,ROBBERY,PERSONAL_WEAPONS,F,40,BLACK_OR_AFRICAN_AMERICAN,WESTERN
"5/3/2023, 6:04 AM",5A,600 ANNABEL AVE,BURGLARY,,F,40,WHITE,SOUTHERN
"5/4/2023, 5:30 AM",7C,2100 Mt Holly Street,AUTO THEFT,,F,37,BLACK_OR_AFRICAN_AMERICAN,SOUTHWEST
"5/3/2023, 6:00 PM",6J,900 JACK ST,LARCENY,,F,19,WHITE,SOUTHERN
"5/3/2023, 6:10 AM",4B,6000 BELLE VISTA AVE,AGG. ASSAULT,BLUNT_OBJECT,F,25,BLACK_OR_AFRICAN_AMERICAN,NORTHEAST
"5/3/2023, 6:40 AM",4A,5500 REISTERSTOWN RD,AGG. ASSAULT,HANDGUN,M,35,,NORTHWEST
"5/3/2023, 5:15 PM",4E,100 ALLENDALE ST,COMMON ASSAULT,PERSONAL_WEAPONS,F,56,BLACK_OR_AFRICAN_AMERICAN,SOUTHWEST
"5/3/2023, 5:30 PM",7C,5900 YORKWOOD RD,AUTO THEFT,,F,38,BLACK_OR_AFRICAN_AMERICAN,NORTHEAST
"5/3/2023, 9:15 PM",4E,900 MILLINGTON AVE,COMMON ASSAULT,,M,60,WHITE,SOUTHWEST
"5/3/2023, 9:15 PM",4E,900 MILLINGTON AVE,COMMON ASSAULT,,M,44,WHITE,SOUTHWEST
"5/3/2023, 9:55 PM",4E,400 WINSTON AVE,COMMON ASSAULT,PERSONAL_WEAPONS,M,23,BLACK_OR_AFRICAN_AMERICAN,NORTHERN
"5/3/2023, 9:30 PM",4E,500 ROSSITER AVE,COMMON ASSAULT,PERSONAL_WEAPONS,F,29,BLACK_OR_AFRICAN_AMERICAN,NORTHERN
"5/3/2023, 7:00 PM",7C,2600 KIRK AVE,AUTO THEFT,,M,47,BLACK_OR_AFRICAN_AMERICAN,NORTHEAST
"4/23/2023, 1:48 AM",4B,100 N HIGHLAND AVE,AGG. ASSAULT,KNIFE_CUTTING_INSTRUMENT,M,22,,SOUTHEAST
"4/22/2023, 8:50 PM",4E,1300 W FAYETTE ST,COMMON ASSAULT,,F,28,BLACK_OR_AFRICAN_AMERICAN,WESTERN
"4/23/2023, 2:35 AM",3P,4500 ERDMAN AVE,ROBBERY,PERSONAL_WEAPONS,F,35,BLACK_OR_AFRICAN_AMERICAN,EASTERN
"4/23/2023, 2:35 AM",3P,4500 ERDMAN AVE,ROBBERY,PERSONAL_WEAPONS,F,42,BLACK_OR_AFRICAN_AMERICAN,EASTERN
"4/23/2023, 2:53 AM",4E,1500 LESTER MORTON CT,COMMON ASSAULT,PERSONAL_WEAPONS,F,38,BLACK_OR_AFRICAN_AMERICAN,EASTERN
"4/23/2023, 1:30 AM",6F,1200 MCCULLOH ST,LARCENY,,F,39,BLACK_OR_AFRICAN_AMERICAN,CENTRAL
"4/23/2023, 4:56 AM",4B,2700 CARVER RD,AGG. ASSAULT,KNIFE_CUTTING_INSTRUMENT,M,24,WHITE,SOUTHERN
"4/23/2023, 5:50 AM",3AF,2400 GARRETT AVE,ROBBERY,PERSONAL_WEAPONS,F,27,WHITE,NORTHEAST
"4/23/2023, 5:55 AM",4B,2700 THE ALAMEDA,AGG. ASSAULT,PERSONAL_WEAPONS,M,63,BLACK_OR_AFRICAN_AMERICAN,NORTHEAST
"4/23/2023, 1:30 AM",4B,3200 PELHAM AVE,AGG. ASSAULT,PERSONAL_WEAPONS,F,28,WHITE,NORTHEAST
"4/23/2023, 2:00 AM",6D,2100 LYNDHURST AVE,LARCENY FROM AUTO,,M,38,BLACK_OR_AFRICAN_AMERICAN,SOUTHWEST
"4/23/2023, 5:23 AM",6D,5900 GLENNOR RD,LARCENY FROM AUTO,,F,41,BLACK_OR_AFRICAN_AMERICAN,NORTHEAST
"4/22/2023, 8:00 AM",6D,200 PARKIN ST,LARCENY FROM AUTO,,F,54,ASIAN,SOUTHERN
"4/23/2023, 4:30 AM",6D,1200 GLENHAVEN RD,LARCENY FROM AUTO,,M,34,BLACK_OR_AFRICAN_AMERICAN,NORTHEAST
"4/22/2023, 9:30 PM",6D,3500 FOUNDRY MEWS,LARCENY FROM AUTO,,F,34,WHITE,NORTHERN
"4/23/2023, 3:00 AM",6D,4800 ARABIA AVE,LARCENY FROM AUTO,,M,26,BLACK_OR_AFRICAN_AMERICAN,NORTHEAST
"5/12/2023, 9:50 PM",3AF,3400 CLIFTMONT AVE,ROBBERY,FIREARM,M,52,BLACK_OR_AFRICAN_AMERICAN,NORTHEAST
"5/12/2023, 10:30 PM",6F,1400 ORLEANS ST,LARCENY,,,,,EASTERN
"5/12/2023, 12:00 PM",6J,1900 W BALTIMORE ST,LARCENY,,,,,WESTERN
"5/12/2023, 11:26 AM",6J,1500 HAZEL ST,LARCENY,,,,,SOUTHERN
"5/13/2023, 3:00 AM",7C,700 WHITELOCK ST,AUTO THEFT,,,,,CENTRAL
"5/12/2023, 8:22 AM",5B,2300 E NORTH AVE,BURGLARY,,,,,EASTERN
"5/12/2023, 6:00 PM",4E,0 S GREENE ST,COMMON ASSAULT,PERSONAL_WEAPONS,,,,CENTRAL
"5/12/2023, 11:16 AM",7C,5900 BELAIR RD,AUTO THEFT,,,,,NORTHEAST
"5/12/2023, 4:00 PM",7C,2900 WASHINGTON BLVD,AUTO THEFT,,,,,SOUTHWEST
"5/12/2023, 7:40 PM",5F,1600 PARK AVE,BURGLARY,,,,,CENTRAL
"5/12/2023, 7:40 PM",5F,1600 PARK AVE,BURGLARY,,,,,CENTRAL
"5/13/2023, 2:58 AM",3CO,6300 YORK RD,ROBBERY - COMMERCIAL,KNIFE_CUTTING_INSTRUMENT,,,,NORTHERN
"5/12/2023, 6:30 PM",6F,2400 SAINT PAUL ST,LARCENY,,,,,NORTHERN
"5/12/2023, 10:00 PM",6C,0 E FAYETTE ST,LARCENY,,,,,CENTRAL
"5/12/2023, 11:40 PM",6C,0 E FAYETTE ST,LARCENY,,,,,CENTRAL
"5/13/2023, 1:00 AM",6C,300 W BALTIMORE ST,LARCENY,,,,,CENTRAL
"5/13/2023, 1:30 AM",6C,300 W BALTIMORE ST,LARCENY,,,,,CENTRAL
"5/13/2023, 1:42 AM",6F,4300 PARK HEIGHTS AVE,LARCENY,,,,,NORTHWEST
"5/13/2023, 2:30 AM",7C,LN & CHATFORD AV,AUTO THEFT,,,,,NORTHEAST
"5/13/2023, 12:30 AM",6D,2400 CALVERTON HEIGHTS AVE,LARCENY FROM AUTO,,,,,WESTERN
"5/13/2023, 5:00 AM",7C,4500 ERDMAN AVE,AUTO THEFT,,,,,EASTERN
"5/21/2023, 9:34 AM",5B,300 LIGHT ST,BURGLARY,,,,,CENTRAL
"5/21/2023, 3:14 PM",6C,4300 PARK HEIGHTS AVE,LARCENY,,,,,NORTHWEST
"5/21/2023, 7:00 AM",7C,5300 GOODNOW RD,AUTO THEFT,,F,33,BLACK_OR_AFRICAN_AMERICAN,NORTHEAST
"5/21/2023, 9:40 PM",7C,2400 S PACA ST,AUTO THEFT,,F,40,BLACK_OR_AFRICAN_AMERICAN,SOUTHERN
"5/21/2023, 9:50 PM",4E,300 E LANVALE ST,COMMON ASSAULT,,F,17,BLACK_OR_AFRICAN_AMERICAN,EASTERN
"5/21/2023, 9:50 PM",4E,300 E LANVALE ST,COMMON ASSAULT,,M,28,BLACK_OR_AFRICAN_AMERICAN,EASTERN
"5/21/2023, 9:50 PM",4E,300 E LANVALE ST,COMMON ASSAULT,,M,15,BLACK_OR_AFRICAN_AMERICAN,EASTERN
"5/21/2023, 7:45 PM",7C,1200 SILVERTHORNE RD,AUTO THEFT,,M,18,BLACK_OR_AFRICAN_AMERICAN,NORTHEAST
"5/22/2023, 4:03 AM",4E,5000 CLIFTON AVE,COMMON ASSAULT,PERSONAL_WEAPONS,M,28,BLACK_OR_AFRICAN_AMERICAN,SOUTHWEST
"5/22/2023, 4:30 AM",4B,2300 KIRK AVE,AGG. ASSAULT,KNIFE_CUTTING_INSTRUMENT,M,29,BLACK_OR_AFRICAN_AMERICAN,EASTERN
"5/22/2023, 4:25 AM",4B,200 W MULBERRY ST,AGG. ASSAULT,BLUNT_OBJECT,M,23,BLACK_OR_AFRICAN_AMERICAN,CENTRAL
"5/22/2023, 5:05 AM",4B,1600 W NORTH AVE,AGG. ASSAULT,KNIFE_CUTTING_INSTRUMENT,F,31,BLACK_OR_AFRICAN_AMERICAN,WESTERN
"5/22/2023, 5:05 AM",4B,1600 W NORTH AVE,AGG. ASSAULT,KNIFE_CUTTING_INSTRUMENT,F,29,BLACK_OR_AFRICAN_AMERICAN,WESTERN
"5/22/2023, 5:20 AM",4E,2900 GREENMOUNT AVE,COMMON ASSAULT,PERSONAL_WEAPONS,M,55,WHITE,NORTHERN
"5/22/2023, 5:30 AM",4C,700 RESERVOIR ST,AGG. ASSAULT,OTHER,F,14,BLACK_OR_AFRICAN_AMERICAN,CENTRAL
"5/22/2023, 3:30 AM",6F,100 WATER ST,LARCENY,,F,54,WHITE,CENTRAL
"5/22/2023, 4:30 AM",3AF,6100 DUNROMING RD,ROBBERY,HANDGUN,M,55,BLACK_OR_AFRICAN_AMERICAN,NORTHERN
"3/31/2023, 6:50 PM",3LF,3600 BOSTON ST,ROBBERY,PERSONAL_WEAPONS,F,,BLACK_OR_AFRICAN_AMERICAN,SOUTHEAST
"3/31/2023, 7:00 PM",4E,500 KANE ST,COMMON ASSAULT,PERSONAL_WEAPONS,M,31,WHITE,SOUTHEAST
"4/1/2023, 3:20 AM",4B,2500 GWYNNS FALLS PKWY,AGG. ASSAULT,BLUNT_OBJECT,M,67,BLACK_OR_AFRICAN_AMERICAN,WESTERN
"3/31/2023, 10:00 PM",6F,700 N CHESTER ST,LARCENY,,M,28,ASIAN,EASTERN
"4/1/2023, 5:00 AM",7C,2600 MOORE AVE,AUTO THEFT,,F,36,WHITE,NORTHEAST
"4/1/2023, 12:00 AM",7C,6800 REISTERSTOWN RD,AUTO THEFT,,F,31,BLACK_OR_AFRICAN_AMERICAN,NORTHWEST
"4/1/2023, 3:20 AM",4B,2500 GWYNNS FALLS PKWY,AGG. ASSAULT,BLUNT_OBJECT,F,20,BLACK_OR_AFRICAN_AMERICAN,WESTERN
"4/1/2023, 1:00 AM",6D,5200 LOCH RAVEN BLVD,LARCENY FROM AUTO,,F,33,BLACK_OR_AFRICAN_AMERICAN,NORTHEAST
"4/1/2023, 3:00 AM",7C,2500 LOYOLA SOUTHWAY,AUTO THEFT,,M,33,BLACK_OR_AFRICAN_AMERICAN,NORTHERN
"4/1/2023, 12:00 AM",6D,6200 BROWN AVE,LARCENY FROM AUTO,,M,30,WHITE,SOUTHEAST
"3/31/2023, 11:00 PM",7C,1100 CEDARCROFT RD,AUTO THEFT,,F,20,BLACK_OR_AFRICAN_AMERICAN,NORTHERN
"4/1/2023, 4:15 AM",7C,4500 THE ALAMEDA,AUTO THEFT,,F,35,BLACK_OR_AFRICAN_AMERICAN,NORTHERN
"3/31/2023, 4:00 PM",5A,2300 ORLEANS ST,BURGLARY,,M,46,,SOUTHEAST
"3/31/2023, 7:30 AM",6J,3000 MCELDERRY ST,LARCENY,,F,27,BLACK_OR_AFRICAN_AMERICAN,SOUTHEAST
"3/31/2023, 2:57 PM",4E,3400 WOODSTOCK AVE,COMMON ASSAULT,PERSONAL_WEAPONS,F,18,BLACK_OR_AFRICAN_AMERICAN,NORTHEAST
"3/31/2023, 2:57 PM",4E,3400 WOODSTOCK AVE,COMMON ASSAULT,PERSONAL_WEAPONS,F,14,BLACK_OR_AFRICAN_AMERICAN,NORTHEAST
"4/1/2023, 3:20 AM",4B,2500 GWYNNS FALLS PKWY,AGG. ASSAULT,BLUNT_OBJECT,F,35,BLACK_OR_AFRICAN_AMERICAN,WESTERN
"6/11/2023, 5:00 AM",5A,3100 N CALVERT ST,BURGLARY,,M,20,,NORTHERN
"6/11/2023, 2:00 AM",2A,1300 E NORTHERN PKWY,RAPE,PERSONAL_WEAPONS,F,32,BLACK_OR_AFRICAN_AMERICAN,NORTHEAST
"6/10/2023, 5:30 PM",7C,3200 E PRATT ST,AUTO THEFT,,M,35,,SOUTHEAST
"6/10/2023, 3:40 PM",4B,700 Bonaparte Ave,AGG. ASSAULT,BLUNT_OBJECT,M,24,BLACK_OR_AFRICAN_AMERICAN,NORTHEAST
"6/10/2023, 6:00 AM",7C,3300 CLIFTON AVE,AUTO THEFT,,F,34,BLACK_OR_AFRICAN_AMERICAN,SOUTHWEST
"6/10/2023, 3:50 PM",4E,2700 W LAFAYETTE AVE,COMMON ASSAULT,,F,42,BLACK_OR_AFRICAN_AMERICAN,WESTERN
"6/10/2023, 1:00 PM",6J,2100 MCHENRY ST,LARCENY,,M,52,,SOUTHWEST
"6/10/2023, 4:00 PM",4E,600 E 27TH ST,COMMON ASSAULT,PERSONAL_WEAPONS,F,20,BLACK_OR_AFRICAN_AMERICAN,NORTHERN
"6/10/2023, 12:45 PM",4E,600 E 34TH ST,COMMON ASSAULT,PERSONAL_WEAPONS,F,43,WHITE,NORTHERN
"6/10/2023, 11:00 PM",4E,1300 JAMES ST,COMMON ASSAULT,PERSONAL_WEAPONS,F,33,BLACK_OR_AFRICAN_AMERICAN,SOUTHERN
"6/10/2023, 6:20 PM",4E,5300 DENMORE AVE,COMMON ASSAULT,PERSONAL_WEAPONS,M,61,BLACK_OR_AFRICAN_AMERICAN,NORTHWEST
"6/10/2023, 7:21 PM",4B,2300 E MONUMENT ST,AGG. ASSAULT,BLUNT_OBJECT,F,45,BLACK_OR_AFRICAN_AMERICAN,EASTERN
"6/10/2023, 4:00 PM",4E,2500 GATEHOUSE DR,COMMON ASSAULT,PERSONAL_WEAPONS,F,32,BLACK_OR_AFRICAN_AMERICAN,NORTHWEST
"6/10/2023, 3:12 PM",5A,100 S AUGUSTA AVE,BURGLARY,,M,66,BLACK_OR_AFRICAN_AMERICAN,SOUTHWEST
"6/10/2023, 7:28 PM",4E,6000 NORTHWOOD DR,COMMON ASSAULT,,F,42,BLACK_OR_AFRICAN_AMERICAN,NORTHERN
"6/10/2023, 7:00 PM",4E,3200 LEVERTON AVE,COMMON ASSAULT,,M,32,,SOUTHEAST
"5/30/2023, 8:40 AM",4B,2800 W MULBERRY ST,AGG. ASSAULT,PERSONAL_WEAPONS,F,27,BLACK_OR_AFRICAN_AMERICAN,SOUTHWEST
"5/30/2023, 6:54 PM",6F,600 MAUDE AVE,LARCENY,,F,30,,SOUTHERN
"5/30/2023, 8:40 AM",6F,2200 N HOWARD ST,LARCENY,,,,,NORTHERN
"5/30/2023, 6:00 PM",4E,2800 OAKLEY AVE,COMMON ASSAULT,PERSONAL_WEAPONS,F,27,BLACK_OR_AFRICAN_AMERICAN,NORTHERN
"5/31/2023, 12:50 AM",4E,900 CLAYMONT AVE,COMMON ASSAULT,PERSONAL_WEAPONS,F,23,BLACK_OR_AFRICAN_AMERICAN,WESTERN
"5/31/2023, 1:28 AM",6F,1000 FLEET ST,LARCENY,,M,31,BLACK_OR_AFRICAN_AMERICAN,SOUTHEAST
"5/31/2023, 1:45 AM",4E,3100 E NORTHERN PKWY,COMMON ASSAULT,PERSONAL_WEAPONS,F,43,WHITE,NORTHEAST
"5/31/2023, 2:00 AM",4E,3000 S HANOVER ST,COMMON ASSAULT,PERSONAL_WEAPONS,M,31,BLACK_OR_AFRICAN_AMERICAN,SOUTHERN
"5/31/2023, 2:25 AM",4B,2400 E FEDERAL ST,AGG. ASSAULT,KNIFE_CUTTING_INSTRUMENT,F,43,BLACK_OR_AFRICAN_AMERICAN,EASTERN
"5/31/2023, 2:47 AM",4E,5500 Bowleys Ln,COMMON ASSAULT,PERSONAL_WEAPONS,M,,BLACK_OR_AFRICAN_AMERICAN,NORTHEAST
"5/31/2023, 2:07 AM",4E,900 DUNDALK AVE,COMMON ASSAULT,HANDGUN,U,21,,SOUTHEAST
"5/31/2023, 12:30 AM",4E,1900 EDMONDSON AVE,COMMON ASSAULT,PERSONAL_WEAPONS,M,25,BLACK_OR_AFRICAN_AMERICAN,WESTERN
"5/30/2023, 11:30 PM",6D,3700 CLARINTH RD,LARCENY FROM AUTO,,M,48,WHITE,NORTHWEST
"5/31/2023, 1:32 AM",5A,600 N KENWOOD AVE,BURGLARY,,F,28,,SOUTHEAST
"5/30/2023, 11:00 PM",4E,2200 W LEXINGTON ST,COMMON ASSAULT,,F,14,BLACK_OR_AFRICAN_AMERICAN,WESTERN
"5/30/2023, 11:00 PM",4E,2200 W LEXINGTON ST,COMMON ASSAULT,,M,7,BLACK_OR_AFRICAN_AMERICAN,WESTERN
"5/30/2023, 11:00 PM",4E,2200 W LEXINGTON ST,COMMON ASSAULT,,M,,BLACK_OR_AFRICAN_AMERICAN,WESTERN
"5/3/2023, 7:22 AM",6D,5500 Bowleys Ln,LARCENY FROM AUTO,,F,44,BLACK_OR_AFRICAN_AMERICAN,NORTHEAST
"5/2/2023, 1:00 PM",4E,600 W LOMBARD ST,COMMON ASSAULT,PERSONAL_WEAPONS,F,,BLACK_OR_AFRICAN_AMERICAN,CENTRAL
"5/2/2023, 9:40 AM",4E,500 ORCHARD ST,COMMON ASSAULT,PERSONAL_WEAPONS,F,36,AMERICAN_INDIAN_OR_ALASKA_NATIVE,CENTRAL
"5/2/2023, 9:40 AM",4E,500 ORCHARD ST,COMMON ASSAULT,PERSONAL_WEAPONS,M,17,BLACK_OR_AFRICAN_AMERICAN,CENTRAL
"5/2/2023, 6:00 PM",5F,200 N LINWOOD AVE,BURGLARY,,M,68,,SOUTHEAST
"5/2/2023, 2:50 PM",4E,2500 EDGECOMBE CIR N,COMMON ASSAULT,PERSONAL_WEAPONS,F,29,WHITE,NORTHERN
"5/2/2023, 11:00 AM",6D,1300 W LEXINGTON ST,LARCENY FROM AUTO,,F,30,BLACK_OR_AFRICAN_AMERICAN,WESTERN
"5/2/2023, 12:30 PM",6J,7200 Valley Country Ct,LARCENY,,F,39,BLACK_OR_AFRICAN_AMERICAN,NORTHWEST
"5/2/2023, 6:30 AM",7C,400 THORNFIELD RD,AUTO THEFT,,M,31,BLACK_OR_AFRICAN_AMERICAN,SOUTHWEST
"5/3/2023, 2:00 AM",7C,600 S BROADWAY,AUTO THEFT,,F,27,,SOUTHEAST
"5/2/2023, 5:00 PM",4E,2500 ALLENDALE RD,COMMON ASSAULT,PERSONAL_WEAPONS,M,8,BLACK_OR_AFRICAN_AMERICAN,NORTHWEST
"5/2/2023, 10:07 AM",6D,3900 CORSE AVE,LARCENY FROM AUTO,,M,60,BLACK_OR_AFRICAN_AMERICAN,NORTHEAST
"5/3/2023, 4:45 AM",3AJF,1600 E 29TH ST,ROBBERY - CARJACKING,PERSONAL_WEAPONS,M,44,BLACK_OR_AFRICAN_AMERICAN,NORTHEAST
"5/2/2023, 1:30 PM",4A,6900 REISTERSTOWN RD,AGG. ASSAULT,FIREARM,F,36,WHITE,NORTHWEST
"5/2/2023, 5:22 PM",4A,1100 N FULTON AVE,AGG. ASSAULT,SHOTGUN,M,42,BLACK_OR_AFRICAN_AMERICAN,WESTERN
"5/3/2023, 2:00 AM",7C,1700 E NORTHERN PKWY,AUTO THEFT,,M,34,,NORTHEAST
"4/23/2023, 2:00 AM",6J,1900 W SARATOGA ST,LARCENY,,F,33,,WESTERN
"4/22/2023, 5:05 PM",6C,4700 ERDMAN AVE,LARCENY,,,,,EASTERN
"4/22/2023, 7:00 PM",6C,3600 KESWICK RD,LARCENY,,,,,NORTHERN
"4/22/2023, 10:59 PM",6F,300 N CHARLES ST,LARCENY,,,,,CENTRAL
"4/22/2023, 7:20 PM",6C,600 E PRATT ST,LARCENY,,,,,CENTRAL
"4/23/2023, 12:30 AM",6D,5500 TODD AVE,LARCENY FROM AUTO,,,,,NORTHEAST
"4/23/2023, 2:35 AM",3CO,4500 ERDMAN AVE,ROBBERY - COMMERCIAL,PERSONAL_WEAPONS,,,,EASTERN
"4/22/2023, 2:55 PM",6C,5200 YORK RD,LARCENY,,,,,NORTHERN
"4/23/2023, 5:55 AM",6D,1600 RAMBLEWOOD RD,LARCENY FROM AUTO,,,,,NORTHEAST
"4/23/2023, 2:30 AM",6C,4700 ERDMAN AVE,LARCENY,,,,,EASTERN
"4/23/2023, 12:55 AM",6C,4600 FALLS RD,LARCENY,,,,,NORTHERN
"4/23/2023, 1:00 AM",6F,4000 W NORTHERN PKWY,LARCENY,,,,,NORTHWEST
"4/22/2023, 2:20 PM",6F,4300 PARK HEIGHTS AVE,LARCENY,,,,,NORTHWEST
"4/22/2023, 4:23 PM",6C,700 W 40TH ST,LARCENY,,,,,NORTHERN
"4/22/2023, 10:07 AM",5B,3000 WATERVIEW AVE,BURGLARY,,,,,SOUTHERN
"4/22/2023, 4:02 PM",9S,3700 TOWANDA AVE,SHOOTING,FIREARM,Male,55,BLACK_OR_AFRICAN_AMERICAN,NORTHWEST
"4/22/2023, 9:40 AM",3AJF,2400 BARCLAY ST,ROBBERY - CARJACKING,HANDGUN,M,41,,EASTERN
"4/22/2023, 9:00 AM",4B,4300 CONNECTICUT AVE,AGG. ASSAULT,PERSONAL_WEAPONS,M,43,BLACK_OR_AFRICAN_AMERICAN,SOUTHWEST
"4/22/2023, 9:00 AM",4E,4300 CONNECTICUT AVE,COMMON ASSAULT,PERSONAL_WEAPONS,U,,,SOUTHWEST
"4/22/2023, 9:41 AM",4E,1400 MOSHER ST,COMMON ASSAULT,,M,30,BLACK_OR_AFRICAN_AMERICAN,WESTERN
"5/12/2023, 9:30 AM",6D,2400 PELHAM AVE,LARCENY FROM AUTO,,F,53,WHITE,NORTHEAST
"5/13/2023, 12:00 AM",6J,3100 BAKER ST,LARCENY,,F,66,BLACK_OR_AFRICAN_AMERICAN,SOUTHWEST
"5/13/2023, 1:30 AM",6D,300 W MONUMENT ST,LARCENY FROM AUTO,,F,46,,CENTRAL
"5/12/2023, 6:45 AM",5A,1400 BROENING HWY,BURGLARY,,M,55,WHITE,SOUTHEAST
"5/12/2023, 6:30 AM",4E,1800 SPENCE ST,COMMON ASSAULT,PERSONAL_WEAPONS,M,61,BLACK_OR_AFRICAN_AMERICAN,SOUTHWEST
"5/13/2023, 2:00 AM",6D,200 N CALVERT ST,LARCENY FROM AUTO,,M,25,BLACK_OR_AFRICAN_AMERICAN,CENTRAL
"5/13/2023, 1:30 AM",7C,900 St Dunstans Road,AUTO THEFT,,M,46,,NORTHERN
"5/12/2023, 6:45 PM",7C,2500 JEFFERSON ST,AUTO THEFT,,M,18,BLACK_OR_AFRICAN_AMERICAN,SOUTHEAST
"5/12/2023, 5:00 PM",4E,4600 EDMONDSON AVE,COMMON ASSAULT,PERSONAL_WEAPONS,F,34,BLACK_OR_AFRICAN_AMERICAN,SOUTHWEST
"5/12/2023, 7:22 PM",3AJO,2200 N FULTON AVE,ROBBERY - CARJACKING,BLUNT_OBJECT,F,33,BLACK_OR_AFRICAN_AMERICAN,WESTERN
"5/13/2023, 5:00 AM",2A,4200 FLOWERTON RD,RAPE,,F,30,BLACK_OR_AFRICAN_AMERICAN,SOUTHWEST
"5/13/2023, 5:00 AM",2A,400 W LOMBARD ST,RAPE,PERSONAL_WEAPONS,F,25,BLACK_OR_AFRICAN_AMERICAN,CENTRAL
"5/12/2023, 6:30 AM",4E,1800 SPENCE ST,COMMON ASSAULT,PERSONAL_WEAPONS,F,59,BLACK_OR_AFRICAN_AMERICAN,SOUTHWEST
"5/12/2023, 7:20 AM",3P,100 W NORTH AVE,ROBBERY,PERSONAL_WEAPONS,F,29,WHITE,CENTRAL
"5/13/2023, 12:00 AM",7C,1000 W BARRE ST,AUTO THEFT,,M,35,WHITE,SOUTHERN
"5/13/2023, 4:00 AM",7C,1100 W NORTHERN PKWY,AUTO THEFT,,M,43,BLACK_OR_AFRICAN_AMERICAN,NORTHERN
"5/12/2023, 11:00 PM",6D,2300 BRADDISH AVE,LARCENY FROM AUTO,,F,45,BLACK_OR_AFRICAN_AMERICAN,WESTERN
"6/10/2023, 7:00 PM",4E,3200 LEVERTON AVE,COMMON ASSAULT,,F,25,BLACK_OR_AFRICAN_AMERICAN,SOUTHEAST
"6/10/2023, 9:00 PM",6F,200 E SARATOGA ST,LARCENY,,F,50,BLACK_OR_AFRICAN_AMERICAN,CENTRAL
"6/11/2023, 4:00 AM",7C,2500 GWYNNS FALLS PKWY,AUTO THEFT,,F,22,BLACK_OR_AFRICAN_AMERICAN,WESTERN
"6/11/2023, 2:00 AM",4E,1700 N CHARLES ST,COMMON ASSAULT,,M,46,WHITE,CENTRAL
"6/11/2023, 4:00 AM",3AO,1700 E LOMBARD ST,ROBBERY,PERSONAL_WEAPONS,M,37,WHITE,SOUTHEAST
"6/11/2023, 2:30 AM",7C,100 S ROBINSON ST,AUTO THEFT,,M,22,WHITE,SOUTHEAST
"6/11/2023, 5:15 AM",4E,900 S CATON AVE,COMMON ASSAULT,PERSONAL_WEAPONS,F,52,BLACK_OR_AFRICAN_AMERICAN,SOUTHWEST
"6/11/2023, 5:00 AM",4E,500 N BOULDIN ST,COMMON ASSAULT,PERSONAL_WEAPONS,F,49,WHITE,SOUTHEAST
"6/10/2023, 3:30 PM",6J,,LARCENY,,F,65,BLACK_OR_AFRICAN_AMERICAN,SOUTHWEST
"6/11/2023, 5:00 AM",3AO,1000 W 36TH ST,ROBBERY,PERSONAL_WEAPONS,M,25,WHITE,NORTHERN
"6/10/2023, 3:00 PM",7C,3500 CARLISLE AVE,AUTO THEFT,,F,48,BLACK_OR_AFRICAN_AMERICAN,NORTHWEST
"6/10/2023, 3:52 PM",3JF,600 S CHARLES ST,ROBBERY,FIREARM,F,26,BLACK_OR_AFRICAN_AMERICAN,SOUTHERN
"6/11/2023, 1:30 AM",7C,500 S WICKHAM RD,AUTO THEFT,,M,39,,SOUTHWEST
"6/11/2023, 4:44 AM",7C,3800 E PRATT ST,AUTO THEFT,,M,28,WHITE,SOUTHEAST
"6/10/2023, 9:45 PM",7C,22ND ST & ST PAUL ST,AUTO THEFT,,M,25,WHITE,NORTHERN
"6/10/2023, 10:30 AM",4E,800 GRETNA CT,COMMON ASSAULT,,F,44,BLACK_OR_AFRICAN_AMERICAN,SOUTHERN
"6/11/2023, 2:15 AM",6F,MARTIN LUTHER KING JR BL & W FRANKLIN,LARCENY,,M,33,WHITE,CENTRAL
"5/30/2023, 11:00 PM",4E,1600 PENNSYLVANIA AVE,COMMON ASSAULT,PERSONAL_WEAPONS,F,19,BLACK_OR_AFRICAN_AMERICAN,CENTRAL
"5/31/2023, 12:00 AM",4E,5100 PIMLICO RD,COMMON ASSAULT,PERSONAL_WEAPONS,M,29,BLACK_OR_AFRICAN_AMERICAN,NORTHWEST
"5/31/2023, 1:00 AM",4A,5500 E LOMBARD ST,AGG. ASSAULT,FIREARM,M,34,BLACK_OR_AFRICAN_AMERICAN,SOUTHEAST
"5/31/2023, 12:30 AM",3AO,2000 RAMBLEWOOD RD,ROBBERY,PERSONAL_WEAPONS,F,18,BLACK_OR_AFRICAN_AMERICAN,NORTHEAST
"5/30/2023, 4:30 PM",5A,2500 E BIDDLE ST,BURGLARY,,M,55,BLACK_OR_AFRICAN_AMERICAN,EASTERN
"5/30/2023, 11:30 AM",7C,900 CATOR AVE,AUTO THEFT,,M,49,BLACK_OR_AFRICAN_AMERICAN,NORTHERN
"5/31/2023, 12:00 AM",7C,300 E BIDDLE ST,AUTO THEFT,,M,63,BLACK_OR_AFRICAN_AMERICAN,EASTERN
"5/30/2023, 3:44 PM",4B,5300 BRABANT RD,AGG. ASSAULT,KNIFE_CUTTING_INSTRUMENT,M,50,BLACK_OR_AFRICAN_AMERICAN,SOUTHWEST
"5/30/2023, 3:05 PM",4A,0 E FAYETTE ST,AGG. ASSAULT,HANDGUN,M,43,BLACK_OR_AFRICAN_AMERICAN,CENTRAL
"5/30/2023, 3:00 PM",3AO,3200 GARRISON BLVD,ROBBERY,PERSONAL_WEAPONS,M,60,BLACK_OR_AFRICAN_AMERICAN,NORTHWEST
"5/30/2023, 4:05 PM",4A,700 N LUZERNE AVE,AGG. ASSAULT,FIREARM,M,32,BLACK_OR_AFRICAN_AMERICAN,SOUTHEAST
"5/30/2023, 11:10 PM",4E,1100 E COLD SPRING LN,COMMON ASSAULT,PERSONAL_WEAPONS,F,31,BLACK_OR_AFRICAN_AMERICAN,NORTHEAST
"5/30/2023, 11:30 PM",7C,4400 St Georges Avenue,AUTO THEFT,,F,33,BLACK_OR_AFRICAN_AMERICAN,NORTHERN
"5/30/2023, 11:50 PM",4E,2700 BAKER ST,COMMON ASSAULT,,M,45,BLACK_OR_AFRICAN_AMERICAN,WESTERN
"5/30/2023, 11:45 PM",6F,1900 BAYARD ST,LARCENY,,F,33,UNKNOWN,SOUTHERN
"5/30/2023, 7:00 PM",4B,5300 VALIQUET AVE,AGG. ASSAULT,PERSONAL_WEAPONS,F,29,BLACK_OR_AFRICAN_AMERICAN,NORTHEAST
"5/3/2023, 4:05 AM",4E,7 E Lombard St,COMMON ASSAULT,PERSONAL_WEAPONS,M,27,BLACK_OR_AFRICAN_AMERICAN,CENTRAL
"5/3/2023, 4:05 AM",4E,7 E Lombard St,COMMON ASSAULT,PERSONAL_WEAPONS,F,,BLACK_OR_AFRICAN_AMERICAN,CENTRAL
"5/3/2023, 4:38 AM",8I,2000 HARFORD RD,ARSON,,M,31,BLACK_OR_AFRICAN_AMERICAN,EASTERN
"5/3/2023, 4:45 AM",5A,5000 QUEENSBERRY AVE,BURGLARY,,F,22,BLACK_OR_AFRICAN_AMERICAN,NORTHWEST
"5/2/2023, 6:00 AM",6F,400 W 26TH ST,LARCENY,,M,36,BLACK_OR_AFRICAN_AMERICAN,NORTHERN
"5/3/2023, 12:00 AM",6F,1800 W BALTIMORE ST,LARCENY,,F,25,BLACK_OR_AFRICAN_AMERICAN,WESTERN
"5/3/2023, 2:00 AM",2A,5200 GWYNN OAK AVE,RAPE,,F,14,BLACK_OR_AFRICAN_AMERICAN,NORTHWEST
"5/2/2023, 10:00 PM",7C,5900 GLENNOR RD,AUTO THEFT,,F,48,BLACK_OR_AFRICAN_AMERICAN,NORTHEAST
"5/2/2023, 7:30 PM",4E,100 N EUTAW ST,COMMON ASSAULT,PERSONAL_WEAPONS,M,42,WHITE,CENTRAL
"5/3/2023, 2:14 AM",4E,2600 W COLD SPRING LN,COMMON ASSAULT,PERSONAL_WEAPONS,M,40,BLACK_OR_AFRICAN_AMERICAN,NORTHWEST
"5/3/2023, 3:00 AM",4B,4100 EASTMONT AVE,AGG. ASSAULT,BLUNT_OBJECT,M,29,BLACK_OR_AFRICAN_AMERICAN,NORTHEAST
"5/3/2023, 3:15 AM",6C,100 S BROADWAY,LARCENY,,M,28,AMERICAN_INDIAN_OR_ALASKA_NATIVE,SOUTHEAST
"5/3/2023, 12:30 AM",7C,1200 LIMIT AVE,AUTO THEFT,,F,43,BLACK_OR_AFRICAN_AMERICAN,NORTHEAST
"5/2/2023, 2:00 PM",6D,100 N CLINTON ST,LARCENY FROM AUTO,,M,39,,SOUTHEAST
"5/3/2023, 3:00 AM",7C,5100 WRIGHT AVE,AUTO THEFT,,F,24,,NORTHEAST
"5/3/2023, 2:00 AM",6D,1600 N MILTON AVE,LARCENY FROM AUTO,,F,73,BLACK_OR_AFRICAN_AMERICAN,EASTERN
"5/3/2023, 3:20 AM",7C,4500 MANORVIEW RD,AUTO THEFT,,M,33,BLACK_OR_AFRICAN_AMERICAN,SOUTHWEST
"4/22/2023, 10:54 AM",4B,3600 PULASKI HWY,AGG. ASSAULT,KNIFE_CUTTING_INSTRUMENT,M,34,BLACK_OR_AFRICAN_AMERICAN,EASTERN
"4/22/2023, 9:35 AM",5A,1500 N PATTERSON PARK AVE,BURGLARY,,M,36,BLACK_OR_AFRICAN_AMERICAN,EASTERN
"4/22/2023, 1:20 PM",4E,3600 FAIRHAVEN AVE,COMMON ASSAULT,PERSONAL_WEAPONS,M,30,WHITE,SOUTHERN
"4/22/2023, 1:00 PM",4E,5300 PEERLESS AVE,COMMON ASSAULT,PERSONAL_WEAPONS,F,43,BLACK_OR_AFRICAN_AMERICAN,NORTHWEST
"4/22/2023, 6:33 AM",4E,700 MCCABE AVE,COMMON ASSAULT,,M,46,BLACK_OR_AFRICAN_AMERICAN,NORTHERN
"4/22/2023, 3:45 PM",6D,600 E 33RD ST,LARCENY FROM AUTO,,F,33,WHITE,NORTHERN
"4/22/2023, 5:30 PM",6F,5800 BELAIR RD,LARCENY,,M,68,AMERICAN_INDIAN_OR_ALASKA_NATIVE,NORTHEAST
"4/22/2023, 4:24 PM",4E,2100 ALLENDALE RD,COMMON ASSAULT,PERSONAL_WEAPONS,M,27,BLACK_OR_AFRICAN_AMERICAN,SOUTHWEST
"4/22/2023, 10:24 AM",6D,6700 FAIT AVE,LARCENY FROM AUTO,,M,28,WHITE,SOUTHEAST
"4/22/2023, 8:00 AM",3AO,4900 CRENSHAW AVE,ROBBERY,PERSONAL_WEAPONS,F,33,BLACK_OR_AFRICAN_AMERICAN,NORTHEAST
"4/22/2023, 6:00 AM",4B,4400 PALL MALL RD,AGG. ASSAULT,PERSONAL_WEAPONS,M,25,BLACK_OR_AFRICAN_AMERICAN,NORTHERN
"4/22/2023, 6:28 PM",4A,2600 KENNEDY AVE,AGG. ASSAULT,HANDGUN,F,17,BLACK_OR_AFRICAN_AMERICAN,NORTHEAST
"4/22/2023, 6:01 AM",7C,3700 5TH ST,AUTO THEFT,,M,61,WHITE,SOUTHERN
"4/22/2023, 6:00 PM",4E,900 HARLEM AVE,COMMON ASSAULT,PERSONAL_WEAPONS,M,26,BLACK_OR_AFRICAN_AMERICAN,WESTERN
"4/22/2023, 12:30 PM",6D,1800 ORLEANS ST,LARCENY FROM AUTO,,F,40,BLACK_OR_AFRICAN_AMERICAN,EASTERN
"4/22/2023, 6:08 PM",4E,800 N CENTRAL AVE,COMMON ASSAULT,PERSONAL_WEAPONS,F,17,BLACK_OR_AFRICAN_AMERICAN,EASTERN
"5/12/2023, 10:00 PM",7C,700 S LAKEWOOD AVE,AUTO THEFT,,F,40,WHITE,SOUTHEAST
"5/13/2023, 4:30 AM",4E,2500 E NORTHERN PKWY,COMMON ASSAULT,PERSONAL_WEAPONS,F,22,BLACK_OR_AFRICAN_AMERICAN,NORTHEAST
"5/12/2023, 6:00 AM",7C,2500 KEYWORTH AVE,AUTO THEFT,,M,59,BLACK_OR_AFRICAN_AMERICAN,NORTHERN
"5/12/2023, 6:30 AM",4B,1800 N MONROE ST,AGG. ASSAULT,BLUNT_OBJECT,M,65,WHITE,WESTERN
"5/12/2023, 10:56 PM",3AO,1600 WILKENS AVE,ROBBERY,PERSONAL_WEAPONS,M,55,WHITE,SOUTHERN
"5/13/2023, 12:30 AM",4D,1400 BOYLE ST,AGG. ASSAULT,,F,35,WHITE,SOUTHERN
"5/13/2023, 3:00 AM",6D,100 W EAGER ST,LARCENY FROM AUTO,,M,26,BLACK_OR_AFRICAN_AMERICAN,CENTRAL
"5/13/2023, 1:00 AM",7C,3100 BANCROFT RD,AUTO THEFT,,F,44,,NORTHWEST
"5/12/2023, 4:30 PM",7C,1500 RIDGELY ST,AUTO THEFT,,M,30,WHITE,SOUTHERN
"5/13/2023, 5:00 AM",6G,1600 N REGESTER ST,LARCENY,,M,31,BLACK_OR_AFRICAN_AMERICAN,EASTERN
"5/12/2023, 10:40 PM",4B,100 N BOND ST,AGG. ASSAULT,BLUNT_OBJECT,F,57,BLACK_OR_AFRICAN_AMERICAN,SOUTHEAST
"5/12/2023, 10:17 PM",6F,1500 DRUID HILL AVE,LARCENY,,F,71,BLACK_OR_AFRICAN_AMERICAN,CENTRAL
"5/13/2023, 3:55 AM",6J,6200 HOLABIRD AVE,LARCENY,,U,,,SOUTHEAST
"5/13/2023, 5:30 AM",7C,0 E EAGER ST,AUTO THEFT,,F,34,WHITE,CENTRAL
"5/13/2023, 2:58 AM",3NK,6300 YORK RD,ROBBERY,KNIFE_CUTTING_INSTRUMENT,F,27,BLACK_OR_AFRICAN_AMERICAN,NORTHERN
"5/13/2023, 12:00 AM",7C,4900 BELAIR RD,AUTO THEFT,,M,29,BLACK_OR_AFRICAN_AMERICAN,NORTHEAST
"5/12/2023, 6:00 AM",3AJO,1200 ANGLESEA ST,ROBBERY - CARJACKING,BLUNT_OBJECT,M,21,WHITE,SOUTHEAST
"6/11/2023, 12:30 AM",6D,3700 W COLD SPRING LN,LARCENY FROM AUTO,,F,38,WHITE,NORTHWEST
"6/10/2023, 11:00 PM",7C,600 S BOULDIN ST,AUTO THEFT,,F,33,WHITE,SOUTHEAST
"6/11/2023, 3:57 AM",7C,1100 PENNSYLVANIA AVE,AUTO THEFT,,F,62,BLACK_OR_AFRICAN_AMERICAN,CENTRAL
"6/10/2023, 11:00 PM",7C,300 E 24TH ST,AUTO THEFT,,M,35,WHITE,EASTERN
"6/11/2023, 5:00 AM",6D,1400 E FEDERAL ST,LARCENY FROM AUTO,,F,39,BLACK_OR_AFRICAN_AMERICAN,EASTERN
"6/10/2023, 9:30 PM",6D,3400 BRENDAN AVE,LARCENY FROM AUTO,,M,20,BLACK_OR_AFRICAN_AMERICAN,NORTHEAST
"6/11/2023, 2:00 AM",7C,500 S CAROLINE ST,AUTO THEFT,,M,30,BLACK_OR_AFRICAN_AMERICAN,SOUTHEAST
"6/10/2023, 7:50 PM",4E,300 PARK AVE,COMMON ASSAULT,PERSONAL_WEAPONS,F,35,BLACK_OR_AFRICAN_AMERICAN,CENTRAL
"6/10/2023, 8:07 PM",4E,5200 READY AVE,COMMON ASSAULT,PERSONAL_WEAPONS,F,34,BLACK_OR_AFRICAN_AMERICAN,NORTHERN
"6/10/2023, 8:11 PM",3AO,600 LIGHT ST,ROBBERY,,F,21,BLACK_OR_AFRICAN_AMERICAN,CENTRAL
"6/10/2023, 8:11 PM",3AO,600 LIGHT ST,ROBBERY,,F,0,BLACK_OR_AFRICAN_AMERICAN,CENTRAL
"6/10/2023, 3:00 AM",6J,3800 SOUTHERN AVE,LARCENY,,M,65,WHITE,NORTHEAST
"6/9/2023, 5:30 PM",4C,2500 W NORTH AVE,AGG. ASSAULT,OTHER,F,33,BLACK_OR_AFRICAN_AMERICAN,WESTERN
"6/9/2023, 6:44 PM",7C,300 MARYDELL RD,AUTO THEFT,OTHER,M,63,WHITE,SOUTHWEST
"6/9/2023, 6:53 PM",4E,3200 WESTERWALD AVE,COMMON ASSAULT,PERSONAL_WEAPONS,F,43,BLACK_OR_AFRICAN_AMERICAN,NORTHERN
"6/9/2023, 9:00 PM",4B,2100 W PATAPSCO AVE,AGG. ASSAULT,KNIFE_CUTTING_INSTRUMENT,M,35,WHITE,SOUTHERN
"6/9/2023, 11:00 PM",4E,2100 HARMAN AVE,COMMON ASSAULT,PERSONAL_WEAPONS,M,30,BLACK_OR_AFRICAN_AMERICAN,SOUTHWEST
"5/31/2023, 4:30 AM",7C,2700 REISTERSTOWN RD,AUTO THEFT,,M,26,BLACK_OR_AFRICAN_AMERICAN,NORTHWEST
"5/31/2023, 3:00 AM",6J,3500 GLENMORE AVE,LARCENY,,F,23,BLACK_OR_AFRICAN_AMERICAN,NORTHEAST
"5/31/2023, 3:30 AM",7C,1700 RUSSELL ST,AUTO THEFT,,M,56,BLACK_OR_AFRICAN_AMERICAN,SOUTHERN
"5/31/2023, 2:00 AM",6D,2700 E FAIRMOUNT AVE,LARCENY FROM AUTO,,M,43,BLACK_OR_AFRICAN_AMERICAN,SOUTHEAST
"5/30/2023, 10:00 PM",5A,3800 Mt Pleasant Avenue,BURGLARY,,M,58,WHITE,SOUTHEAST
"5/30/2023, 9:02 PM",7C,4500 BELVIEU AVE,AUTO THEFT,,M,56,BLACK_OR_AFRICAN_AMERICAN,NORTHWEST
"5/31/2023, 1:30 AM",4E,,COMMON ASSAULT,PERSONAL_WEAPONS,F,25,BLACK_OR_AFRICAN_AMERICAN,SOUTHEAST
"5/30/2023, 9:36 PM",6F,2100 EASTERN AVE,LARCENY,,M,39,BLACK_OR_AFRICAN_AMERICAN,SOUTHEAST
"5/31/2023, 4:50 AM",3P,4100 PATTERSON AVE,ROBBERY,PERSONAL_WEAPONS,M,41,ASIAN,NORTHWEST
"5/31/2023, 3:28 AM",7C,4100 BRENDAN AVE,AUTO THEFT,,,,,NORTHEAST
"5/30/2023, 5:20 PM",6F,300 EAST ST,LARCENY,,M,54,BLACK_OR_AFRICAN_AMERICAN,EASTERN
"5/31/2023, 1:28 AM",6F,1000 FLEET ST,LARCENY,,,,,SOUTHEAST
"5/30/2023, 3:15 PM",4E,1500 N MILTON AVE,COMMON ASSAULT,PERSONAL_WEAPONS,F,23,BLACK_OR_AFRICAN_AMERICAN,EASTERN
"5/30/2023, 10:51 AM",3AF,2200 N WARWICK AVE,ROBBERY,FIREARM,M,59,BLACK_OR_AFRICAN_AMERICAN,WESTERN
"5/31/2023, 4:50 AM",3P,4100 PATTERSON AVE,ROBBERY,PERSONAL_WEAPONS,M,41,ASIAN,NORTHWEST
"5/30/2023, 6:20 AM",4E,6900 GIST AVE,COMMON ASSAULT,PERSONAL_WEAPONS,M,19,WHITE,NORTHWEST
"5/30/2023, 6:25 PM",4B,2400 W FRANKLIN ST,AGG. ASSAULT,PERSONAL_WEAPONS,F,23,UNKNOWN,WESTERN
"5/2/2023, 9:30 PM",7C,300 WHITRIDGE AVE,AUTO THEFT,,F,39,BLACK_OR_AFRICAN_AMERICAN,NORTHERN
"5/2/2023, 9:00 PM",4E,3400 EASTERN AVE,COMMON ASSAULT,PERSONAL_WEAPONS,F,42,BLACK_OR_AFRICAN_AMERICAN,SOUTHEAST
"5/2/2023, 7:30 PM",6F,,LARCENY,,M,67,,NORTHWEST
"5/3/2023, 12:45 AM",6J,2400 LINDEN AVE,LARCENY,,M,65,,CENTRAL
"5/2/2023, 8:00 PM",5B,3900 Boston St,BURGLARY,,M,59,WHITE,SOUTHEAST
"5/2/2023, 8:00 PM",5B,3900 Boston St,BURGLARY,,M,42,WHITE,SOUTHEAST
"5/2/2023, 11:30 PM",7C,400 SANDERS ST,AUTO THEFT,,F,33,ASIAN,SOUTHERN
"5/3/2023, 4:20 AM",4E,3900 FORDS LN,COMMON ASSAULT,PERSONAL_WEAPONS,M,22,BLACK_OR_AFRICAN_AMERICAN,NORTHWEST
"5/3/2023, 4:20 AM",4B,3900 FORDS LN,AGG. ASSAULT,PERSONAL_WEAPONS,F,22,BLACK_OR_AFRICAN_AMERICAN,NORTHWEST
"5/3/2023, 4:00 AM",4E,4400 LAPLATA AVE,COMMON ASSAULT,PERSONAL_WEAPONS,M,22,BLACK_OR_AFRICAN_AMERICAN,NORTHERN
"5/3/2023, 4:30 AM",4E,600 South President Street,COMMON ASSAULT,PERSONAL_WEAPONS,F,64,BLACK_OR_AFRICAN_AMERICAN,SOUTHEAST
"5/3/2023, 4:00 AM",6D,1800 E NORTHERN PKWY,LARCENY FROM AUTO,,M,38,BLACK_OR_AFRICAN_AMERICAN,NORTHEAST
"5/3/2023, 5:00 AM",6J,2700 BERYL AVE,LARCENY,,F,25,,EASTERN
"5/3/2023, 2:55 AM",4E,3800 E LOMBARD ST,COMMON ASSAULT,PERSONAL_WEAPONS,F,29,BLACK_OR_AFRICAN_AMERICAN,SOUTHEAST
"5/3/2023, 12:00 AM",6D,4100 CURTIS AVE,LARCENY FROM AUTO,,M,50,WHITE,SOUTHERN
"5/2/2023, 6:00 PM",6D,900 E FAYETTE ST,LARCENY FROM AUTO,,F,73,BLACK_OR_AFRICAN_AMERICAN,SOUTHEAST
"5/2/2023, 4:00 PM",3JF,1600 E BELVEDERE AVE,ROBBERY,HANDGUN,F,26,BLACK_OR_AFRICAN_AMERICAN,NORTHEAST
"5/2/2023, 1:30 PM",4A,6900 REISTERSTOWN RD,AGG. ASSAULT,FIREARM,M,32,WHITE,NORTHWEST
"4/22/2023, 5:30 PM",6F,3000 HARLEM AVE,LARCENY,PERSONAL_WEAPONS,F,31,BLACK_OR_AFRICAN_AMERICAN,SOUTHWEST
"4/23/2023, 1:30 AM",5A,600 N HILTON ST,BURGLARY,PERSONAL_WEAPONS,M,27,BLACK_OR_AFRICAN_AMERICAN,SOUTHWEST
"4/22/2023, 6:00 AM",7C,6200 PILGRIM RD,AUTO THEFT,,M,47,BLACK_OR_AFRICAN_AMERICAN,NORTHEAST
"4/22/2023, 7:35 PM",4E,1600 WILKENS AVE,COMMON ASSAULT,PERSONAL_WEAPONS,F,24,WHITE,SOUTHERN
"4/22/2023, 7:35 PM",3AF,400 N EAST AVE,ROBBERY,HANDGUN,M,47,BLACK_OR_AFRICAN_AMERICAN,SOUTHEAST
"4/22/2023, 7:20 PM",7C,1300 PENTRIDGE RD,AUTO THEFT,,M,31,BLACK_OR_AFRICAN_AMERICAN,NORTHEAST
"4/22/2023, 10:45 PM",5F,3700 FERNDALE AVE,BURGLARY,,M,23,BLACK_OR_AFRICAN_AMERICAN,NORTHWEST
"4/22/2023, 7:30 AM",6D,900 N MONROE ST,LARCENY FROM AUTO,,F,38,BLACK_OR_AFRICAN_AMERICAN,WESTERN
"4/22/2023, 7:43 AM",4E,4900 GOODNOW RD,COMMON ASSAULT,PERSONAL_WEAPONS,F,44,BLACK_OR_AFRICAN_AMERICAN,NORTHEAST
"4/22/2023, 7:43 AM",4E,4900 GOODNOW RD,COMMON ASSAULT,PERSONAL_WEAPONS,M,38,BLACK_OR_AFRICAN_AMERICAN,NORTHEAST
"4/22/2023, 7:59 AM",4D,1000 S CHARLES ST,AGG. ASSAULT,,M,30,BLACK_OR_AFRICAN_AMERICAN,SOUTHERN
"4/22/2023, 4:01 PM",6D,3400 EASTERN AVE,LARCENY FROM AUTO,,M,36,,SOUTHEAST
"4/23/2023, 5:30 AM",7C,2800 HOMEWOOD AVE,AUTO THEFT,,F,33,,NORTHEAST
"4/23/2023, 2:20 AM",3AK,3200 St Paul Street,ROBBERY,KNIFE_CUTTING_INSTRUMENT,M,20,WHITE,NORTHERN
"4/23/2023, 1:30 AM",6D,2100 W FAYETTE ST,LARCENY FROM AUTO,,M,69,BLACK_OR_AFRICAN_AMERICAN,WESTERN
"4/22/2023, 9:30 PM",4E,1700 CASADEL AVE,COMMON ASSAULT,PERSONAL_WEAPONS,F,48,BLACK_OR_AFRICAN_AMERICAN,SOUTHWEST
"5/12/2023, 9:00 PM",6D,4100 MORRISON CT,LARCENY FROM AUTO,,M,61,WHITE,SOUTHERN
"5/13/2023, 2:00 AM",6F,4200 YORK RD,LARCENY,,F,26,BLACK_OR_AFRICAN_AMERICAN,NORTHERN
"5/12/2023, 11:00 PM",6J,1600 BURNWOOD RD,LARCENY,,F,78,BLACK_OR_AFRICAN_AMERICAN,NORTHEAST
"5/12/2023, 6:00 PM",4E,0 S GREENE ST,COMMON ASSAULT,PERSONAL_WEAPONS,F,32,BLACK_OR_AFRICAN_AMERICAN,CENTRAL
"5/12/2023, 5:00 PM",6J,3500 HELMSTETTER ST,LARCENY,,M,65,BLACK_OR_AFRICAN_AMERICAN,SOUTHERN
"5/13/2023, 3:00 AM",7C,700 WHITELOCK ST,AUTO THEFT,,M,39,BLACK_OR_AFRICAN_AMERICAN,CENTRAL
"5/12/2023, 4:00 PM",4E,6400 PIONEER DR,COMMON ASSAULT,PERSONAL_WEAPONS,F,16,BLACK_OR_AFRICAN_AMERICAN,NORTHEAST
"5/12/2023, 9:00 PM",6J,1500 N CALVERT ST,LARCENY,,F,31,WHITE,CENTRAL
"5/12/2023, 3:30 PM",4E,700 GOLD ST,COMMON ASSAULT,PERSONAL_WEAPONS,F,60,BLACK_OR_AFRICAN_AMERICAN,WESTERN
"5/12/2023, 6:10 PM",2A,3100 BANCROFT RD,RAPE,PERSONAL_WEAPONS,F,25,BLACK_OR_AFRICAN_AMERICAN,NORTHWEST
"5/12/2023, 6:00 PM",4E,1600 St Paul Street,COMMON ASSAULT,PERSONAL_WEAPONS,M,53,WHITE,CENTRAL
"5/12/2023, 6:40 PM",4E,800 E PRESTON ST,COMMON ASSAULT,PERSONAL_WEAPONS,F,39,BLACK_OR_AFRICAN_AMERICAN,EASTERN
"5/12/2023, 6:40 PM",4E,100 N EUTAW ST,COMMON ASSAULT,OTHER,M,24,BLACK_OR_AFRICAN_AMERICAN,CENTRAL
"5/12/2023, 9:00 PM",7C,4000 CENTURY RD,AUTO THEFT,,M,26,BLACK_OR_AFRICAN_AMERICAN,NORTHEAST
"5/12/2023, 9:45 AM",6D,5000 DENVIEW WAY,LARCENY FROM AUTO,,M,23,BLACK_OR_AFRICAN_AMERICAN,NORTHEAST
"5/12/2023, 8:00 AM",5A,2900 E NORTHERN PKWY,BURGLARY,,M,36,BLACK_OR_AFRICAN_AMERICAN,NORTHEAST
"5/12/2023, 9:50 AM",6D,1200 DELLWOOD AVE,LARCENY FROM AUTO,,M,30,BLACK_OR_AFRICAN_AMERICAN,NORTHERN
"4/12/2023, 10:00 PM",4E,2500 HARFORD RD,COMMON ASSAULT,PERSONAL_WEAPONS,M,16,BLACK_OR_AFRICAN_AMERICAN,NORTHEAST
"4/12/2023, 9:00 PM",6D,300 GUSRYAN ST,LARCENY FROM AUTO,,M,61,WHITE,SOUTHEAST
"4/12/2023, 11:00 PM",4E,300 W LEXINGTON ST,COMMON ASSAULT,PERSONAL_WEAPONS,F,34,BLACK_OR_AFRICAN_AMERICAN,CENTRAL
"4/13/2023, 12:25 AM",6F,5100 STAFFORD RD,LARCENY,,F,31,BLACK_OR_AFRICAN_AMERICAN,SOUTHWEST
"4/12/2023, 11:00 PM",4B,5000 WINDSOR MILL RD,AGG. ASSAULT,PERSONAL_WEAPONS,F,15,BLACK_OR_AFRICAN_AMERICAN,SOUTHWEST
"4/12/2023, 6:00 PM",6F,1400 RIDGELY ST,LARCENY,,F,43,BLACK_OR_AFRICAN_AMERICAN,SOUTHERN
"4/13/2023, 5:40 AM",7C,5400 WHITWOOD RD,AUTO THEFT,,M,59,BLACK_OR_AFRICAN_AMERICAN,NORTHEAST
"4/13/2023, 12:30 AM",6D,5300 PLYMOUTH RD,LARCENY FROM AUTO,,M,53,WHITE,NORTHEAST
"4/12/2023, 9:35 PM",7C,2500 GATEHOUSE DR,AUTO THEFT,,F,32,BLACK_OR_AFRICAN_AMERICAN,NORTHWEST
"4/12/2023, 2:07 PM",4E,3600 FORDS LN,COMMON ASSAULT,PERSONAL_WEAPONS,F,64,BLACK_OR_AFRICAN_AMERICAN,NORTHWEST
"4/13/2023, 2:00 AM",6D,4300 BERGER AVE,LARCENY FROM AUTO,,F,50,,NORTHEAST
"4/13/2023, 2:00 AM",6J,200 S HIGHLAND AVE,LARCENY,,M,72,WHITE,SOUTHEAST
"4/13/2023, 3:00 AM",7C,5200 ANTHONY AVE,AUTO THEFT,,F,24,BLACK_OR_AFRICAN_AMERICAN,NORTHEAST
"4/13/2023, 3:00 AM",6D,3800 FORRESTER AVE,LARCENY FROM AUTO,,M,33,BLACK_OR_AFRICAN_AMERICAN,NORTHEAST
"4/13/2023, 1:00 AM",7C,1300 PARK AVE,AUTO THEFT,,M,25,WHITE,CENTRAL
"4/12/2023, 9:15 PM",6D,200 S REGESTER ST,LARCENY FROM AUTO,,F,36,BLACK_OR_AFRICAN_AMERICAN,SOUTHEAST
"4/13/2023, 2:39 AM",4A,1200 KITMORE RD,AGG. ASSAULT,SHOTGUN,F,21,BLACK_OR_AFRICAN_AMERICAN,NORTHERN
"6/9/2023, 8:30 AM",5F,4200 CONNECTICUT AVE,BURGLARY,,M,61,WHITE,SOUTHWEST
"6/9/2023, 6:30 PM",6D,1500 GORSUCH AVE,LARCENY FROM AUTO,,M,41,WHITE,NORTHEAST
"6/9/2023, 6:00 PM",3AO,800 ROUNDVIEW RD,ROBBERY,UNKNOWN,M,27,BLACK_OR_AFRICAN_AMERICAN,SOUTHERN
"6/9/2023, 5:00 PM",4E,5900 GLENNOR RD,COMMON ASSAULT,PERSONAL_WEAPONS,F,13,BLACK_OR_AFRICAN_AMERICAN,NORTHEAST
"6/10/2023, 5:50 AM",4E,600 MOSHER ST,COMMON ASSAULT,PERSONAL_WEAPONS,F,60,BLACK_OR_AFRICAN_AMERICAN,CENTRAL
"6/9/2023, 9:00 PM",5F,800 CLINTWOOD CT,BURGLARY,,F,32,BLACK_OR_AFRICAN_AMERICAN,SOUTHERN
"6/10/2023, 5:45 AM",4B,3300 ANNAPOLIS RD,AGG. ASSAULT,BLUNT_OBJECT,M,38,WHITE,SOUTHERN
"6/10/2023, 1:00 AM",7C,800 PARK AVE,AUTO THEFT,,M,49,BLACK_OR_AFRICAN_AMERICAN,CENTRAL
"6/9/2023, 9:30 PM",7C,2300 St Paul Street,AUTO THEFT,,F,36,BLACK_OR_AFRICAN_AMERICAN,NORTHERN
"6/9/2023, 8:05 PM",4C,800 N EUTAW ST,AGG. ASSAULT,OTHER,M,21,BLACK_OR_AFRICAN_AMERICAN,CENTRAL
"6/9/2023, 9:30 PM",6F,2500 MARBOURNE AVE,LARCENY,,F,26,WHITE,SOUTHERN
"6/9/2023, 10:45 PM",6F,5500 SUMMERFIELD AVE,LARCENY,,F,19,BLACK_OR_AFRICAN_AMERICAN,NORTHEAST
"6/10/2023, 2:00 AM",7C,3200 PELHAM AVE,AUTO THEFT,,M,35,BLACK_OR_AFRICAN_AMERICAN,NORTHEAST
"6/10/2023, 1:00 AM",7C,5000 GOODNOW RD,AUTO THEFT,,M,35,,NORTHEAST
"6/10/2023, 5:30 AM",7C,3600 Fords Ln,AUTO THEFT,,M,67,BLACK_OR_AFRICAN_AMERICAN,NORTHWEST
"6/9/2023, 10:00 PM",6D,300 KANE ST,LARCENY FROM AUTO,,M,47,WHITE,SOUTHEAST
"6/10/2023, 12:00 AM",6D,3600 LUCILLE AVE,LARCENY FROM AUTO,,F,53,BLACK_OR_AFRICAN_AMERICAN,NORTHWEST
"5/30/2023, 6:15 PM",4E,0 S ATHOL AVE,COMMON ASSAULT,PERSONAL_WEAPONS,F,67,BLACK_OR_AFRICAN_AMERICAN,SOUTHWEST
"5/30/2023, 6:40 PM",4E,600 YALE AVE,COMMON ASSAULT,PERSONAL_WEAPONS,F,24,BLACK_OR_AFRICAN_AMERICAN,SOUTHWEST
"5/30/2023, 6:40 PM",4E,600 YALE AVE,COMMON ASSAULT,PERSONAL_WEAPONS,M,24,BLACK_OR_AFRICAN_AMERICAN,SOUTHWEST
"5/31/2023, 12:00 AM",5A,3400 SPRINGDALE AVE,BURGLARY,,,,,NORTHWEST
"5/30/2023, 5:00 PM",7C,6200 MCCLEAN BLVD,AUTO THEFT,,M,58,BLACK_OR_AFRICAN_AMERICAN,NORTHEAST
"5/30/2023, 6:00 AM",7C,600 GLENOLDEN AVE,AUTO THEFT,,F,26,BLACK_OR_AFRICAN_AMERICAN,WESTERN
"5/30/2023, 11:30 PM",7C,4400 St Georges Avenue,AUTO THEFT,,,,,NORTHERN
"5/30/2023, 6:00 AM",7C,1500 E COLD SPRING LN,AUTO THEFT,,M,24,BLACK_OR_AFRICAN_AMERICAN,NORTHEAST
"5/30/2023, 5:30 PM",6F,2900 DILLON ST,LARCENY,,M,59,WHITE,SOUTHEAST
"5/31/2023, 3:35 AM",7C,1200 SILVERTHORNE RD,AUTO THEFT,,M,35,BLACK_OR_AFRICAN_AMERICAN,NORTHEAST
"5/31/2023, 3:18 AM",4E,1600 N DURHAM ST,COMMON ASSAULT,,F,30,BLACK_OR_AFRICAN_AMERICAN,EASTERN
"5/31/2023, 4:24 AM",4E,1800 PENNSYLVANIA AVE,COMMON ASSAULT,PERSONAL_WEAPONS,F,23,BLACK_OR_AFRICAN_AMERICAN,CENTRAL
"5/31/2023, 12:30 AM",3AF,400 N GAY ST,ROBBERY,FIREARM,M,45,BLACK_OR_AFRICAN_AMERICAN,EASTERN
"5/31/2023, 4:30 AM",3AJF,5800 FALKIRK RD,ROBBERY - CARJACKING,PERSONAL_WEAPONS,M,34,ASIAN,NORTHEAST
"5/31/2023, 4:50 AM",3P,4100 PATTERSON AVE,ROBBERY,PERSONAL_WEAPONS,M,36,ASIAN,NORTHWEST
"5/30/2023, 11:55 PM",4A,2800 REISTERSTOWN RD,AGG. ASSAULT,FIREARM,M,21,BLACK_OR_AFRICAN_AMERICAN,NORTHWEST
"5/30/2023, 6:00 AM",4E,500 TUNBRIDGE RD,COMMON ASSAULT,,F,64,BLACK_OR_AFRICAN_AMERICAN,NORTHERN
"5/2/2023, 10:40 PM",7C,700 S EAST AVE,AUTO THEFT,,F,26,WHITE,SOUTHEAST
"5/3/2023, 3:30 AM",6J,6000 YORKWOOD RD,LARCENY,,M,47,BLACK_OR_AFRICAN_AMERICAN,NORTHEAST
"5/3/2023, 4:45 AM",6F,500 W UNIVERSITY PKWY,LARCENY,,F,,ASIAN,NORTHERN
"5/3/2023, 3:30 AM",6D,1800 JOHNSON ST,LARCENY FROM AUTO,,M,22,,SOUTHERN
"5/2/2023, 11:20 PM",6G,2200 E MONUMENT ST,LARCENY,,,,,EASTERN
"5/2/2023, 6:30 AM",6C,1500 RUSSELL ST,LARCENY,,,,,SOUTHERN
"5/2/2023, 10:30 PM",3CF,3300 N EDGEWOOD ST,ROBBERY - COMMERCIAL,HANDGUN,,,,NORTHWEST
"5/2/2023, 8:47 PM",5B,1900 WILKENS AVE,BURGLARY,,,,,SOUTHERN
"5/3/2023, 12:00 AM",7C,1400 BATTERY AVE,AUTO THEFT,,,,,SOUTHERN
"5/3/2023, 1:25 AM",5F,3100 E BALTIMORE ST,BURGLARY,,,,,SOUTHEAST
"5/3/2023, 3:15 AM",6C,100 S BROADWAY,LARCENY,,,,,SOUTHEAST
"5/3/2023, 2:00 AM",6C,2700 WASHINGTON BLVD,LARCENY,,,,,SOUTHWEST
"5/3/2023, 2:00 AM",7C,900 DUNDALK AVE,AUTO THEFT,,,,,SOUTHEAST
"5/3/2023, 2:00 AM",6J,900 DUNDALK AVE,LARCENY,,,,,SOUTHEAST
"5/2/2023, 7:30 AM",4C,0 W 25TH ST,AGG. ASSAULT,MOTOR_VEHICLE_VESSEL,M,20,BLACK_OR_AFRICAN_AMERICAN,NORTHERN
"5/2/2023, 9:20 PM",3AF,5600 LOCH RAVEN BLVD,ROBBERY,HANDGUN,M,15,BLACK_OR_AFRICAN_AMERICAN,NORTHEAST
"5/2/2023, 10:25 PM",4E,1100 BRADDISH AVE,COMMON ASSAULT,PERSONAL_WEAPONS,F,25,BLACK_OR_AFRICAN_AMERICAN,SOUTHWEST
"5/2/2023, 10:30 PM",3GF,3300 N EDGEWOOD ST,ROBBERY,HANDGUN,M,34,,NORTHWEST
"5/3/2023, 12:00 AM",5A,1800 N COLLINGTON AVE,BURGLARY,,M,38,,EASTERN
"4/22/2023, 5:00 PM",7C,300 SCOTT ST,AUTO THEFT,,M,63,WHITE,SOUTHERN
"4/22/2023, 9:00 PM",6D,2700 LIST AVE,LARCENY FROM AUTO,,M,44,WHITE,NORTHEAST
"4/23/2023, 3:05 AM",7C,5600 HADDON AVE,AUTO THEFT,,F,61,,NORTHWEST
"4/22/2023, 8:50 AM",3AJO,200 W FAYETTE ST,ROBBERY - CARJACKING,PERSONAL_WEAPONS,F,57,BLACK_OR_AFRICAN_AMERICAN,CENTRAL
"4/22/2023, 8:47 AM",3AO,3800 BELAIR RD,ROBBERY,PERSONAL_WEAPONS,M,39,,NORTHEAST
"4/22/2023, 9:30 AM",4E,1900 GREENMOUNT AVE,COMMON ASSAULT,PERSONAL_WEAPONS,F,47,BLACK_OR_AFRICAN_AMERICAN,EASTERN
"4/22/2023, 1:39 PM",4E,0 N ABINGTON AVE,COMMON ASSAULT,PERSONAL_WEAPONS,F,26,BLACK_OR_AFRICAN_AMERICAN,SOUTHWEST
"4/22/2023, 1:00 PM",4E,5300 PEERLESS AVE,COMMON ASSAULT,PERSONAL_WEAPONS,M,40,BLACK_OR_AFRICAN_AMERICAN,NORTHWEST
"4/22/2023, 4:24 PM",7C,3700 LYNDALE AVE,AUTO THEFT,,F,62,BLACK_OR_AFRICAN_AMERICAN,NORTHEAST
"4/23/2023, 3:40 AM",4E,1100 SOMERSET ST,COMMON ASSAULT,PERSONAL_WEAPONS,F,24,BLACK_OR_AFRICAN_AMERICAN,EASTERN
"4/23/2023, 3:30 AM",6F,1300 DRUID HILL AVE,LARCENY,,M,18,WHITE,CENTRAL
"4/23/2023, 3:05 AM",6D,5600 HADDON AVE,LARCENY FROM AUTO,,M,61,BLACK_OR_AFRICAN_AMERICAN,NORTHWEST
"4/22/2023, 7:00 PM",7C,2100 DRUID HILL AVE,AUTO THEFT,,F,24,BLACK_OR_AFRICAN_AMERICAN,CENTRAL
"4/23/2023, 2:00 AM",6J,800 S CURLEY ST,LARCENY,,F,28,BLACK_OR_AFRICAN_AMERICAN,SOUTHEAST
"4/23/2023, 12:00 AM",7C,3600 LYNDALE AVE,AUTO THEFT,,F,71,BLACK_OR_AFRICAN_AMERICAN,NORTHEAST
"4/23/2023, 2:30 AM",4B,,AGG. ASSAULT,BLUNT_OBJECT,F,34,WHITE,NORTHEAST
"4/22/2023, 9:00 AM",4B,2900 ROCKROSE AVE,AGG. ASSAULT,BLUNT_OBJECT,M,37,BLACK_OR_AFRICAN_AMERICAN,NORTHWEST
"5/12/2023, 6:50 PM",4A,4800 NORWOOD AVE,AGG. ASSAULT,HANDGUN,F,22,BLACK_OR_AFRICAN_AMERICAN,NORTHWEST
"5/12/2023, 9:16 PM",3AF,1300 WINSTON AVE,ROBBERY,FIREARM,M,16,BLACK_OR_AFRICAN_AMERICAN,NORTHEAST
"5/12/2023, 9:16 PM",3AF,1300 WINSTON AVE,ROBBERY,FIREARM,M,16,BLACK_OR_AFRICAN_AMERICAN,NORTHEAST
"5/12/2023, 11:22 PM",4C,500 N CHARLES ST,AGG. ASSAULT,OTHER,F,43,BLACK_OR_AFRICAN_AMERICAN,CENTRAL
"5/12/2023, 11:00 PM",4E,400 N BOULDIN ST,COMMON ASSAULT,,M,27,BLACK_OR_AFRICAN_AMERICAN,SOUTHEAST
"5/12/2023, 10:00 AM",6J,2000 MARYLAND AVE,LARCENY,,M,33,BLACK_OR_AFRICAN_AMERICAN,NORTHERN
"5/12/2023, 11:00 PM",4E,2900 Ellicott Dr,COMMON ASSAULT,PERSONAL_WEAPONS,F,21,BLACK_OR_AFRICAN_AMERICAN,SOUTHWEST
"5/12/2023, 6:32 PM",6F,700 E 22ND ST,LARCENY,,M,21,,EASTERN
"5/12/2023, 10:40 PM",3AO,2900 BAYONNE AVE,ROBBERY,PERSONAL_WEAPONS,M,29,BLACK_OR_AFRICAN_AMERICAN,NORTHEAST
"5/12/2023, 11:35 PM",4B,800 SEAGULL AVE,AGG. ASSAULT,KNIFE_CUTTING_INSTRUMENT,F,19,BLACK_OR_AFRICAN_AMERICAN,SOUTHERN
"5/12/2023, 8:30 PM",6F,4900 EASTERN AVE,LARCENY,,F,46,WHITE,SOUTHEAST
"5/13/2023, 12:15 AM",4E,3800 CLIFTON AVE,COMMON ASSAULT,PERSONAL_WEAPONS,F,35,WHITE,SOUTHWEST
"5/12/2023, 1:00 PM",6J,6400 BIRCHWOOD AVE,LARCENY,,F,31,BLACK_OR_AFRICAN_AMERICAN,NORTHEAST
"5/12/2023, 1:25 PM",6G,3500 HILLEN RD,LARCENY,,,,,NORTHEAST
"5/12/2023, 10:40 PM",6G,100 HARBORVIEW DR,LARCENY,,,,,SOUTHERN
"5/13/2023, 5:04 AM",3CO,1400 MOSHER ST,ROBBERY - COMMERCIAL,PERSONAL_WEAPONS,,,,WESTERN
"5/13/2023, 4:00 AM",4E,4800 TRUESDALE AVE,COMMON ASSAULT,PERSONAL_WEAPONS,,,,NORTHEAST
"6/10/2023, 12:30 AM",6D,4400 HARCOURT RD,LARCENY FROM AUTO,,F,32,BLACK_OR_AFRICAN_AMERICAN,NORTHEAST
"6/9/2023, 9:30 PM",6J,4900 GUNTHER AVE,LARCENY,,M,54,BLACK_OR_AFRICAN_AMERICAN,NORTHEAST
"6/9/2023, 7:00 AM",4E,400 HORNEL ST,COMMON ASSAULT,,M,54,BLACK_OR_AFRICAN_AMERICAN,SOUTHEAST
"6/9/2023, 9:00 PM",6J,600 George St,LARCENY,,F,40,,CENTRAL
"6/10/2023, 4:00 AM",7C,0 S BERNICE AVE,AUTO THEFT,,M,37,,SOUTHWEST
"6/9/2023, 8:58 PM",7C,100 RIVERSIDE RD,AUTO THEFT,,M,52,WHITE,SOUTHERN
"6/9/2023, 9:25 PM",4E,4000 BALFERN AVE,COMMON ASSAULT,PERSONAL_WEAPONS,M,36,BLACK_OR_AFRICAN_AMERICAN,NORTHEAST
"6/9/2023, 9:37 PM",4E,2500 E FEDERAL ST,COMMON ASSAULT,PERSONAL_WEAPONS,F,35,BLACK_OR_AFRICAN_AMERICAN,EASTERN
"6/9/2023, 6:30 AM",8I,6200 CATALPHA RD,ARSON,,M,38,BLACK_OR_AFRICAN_AMERICAN,NORTHEAST
"6/9/2023, 8:30 AM",4E,100 W HAMBURG ST,COMMON ASSAULT,PERSONAL_WEAPONS,M,36,BLACK_OR_AFRICAN_AMERICAN,SOUTHERN
"6/9/2023, 7:45 PM",7C,1300 WINSTON AVE,AUTO THEFT,,F,34,BLACK_OR_AFRICAN_AMERICAN,NORTHEAST
"6/9/2023, 8:50 PM",6F,3900 Boston St,LARCENY,,,,,SOUTHEAST
"6/9/2023, 9:26 PM",6F,0 N CALVERT ST,LARCENY,,,,,CENTRAL
"6/9/2023, 11:38 PM",6C,4600 FALLS RD,LARCENY,,,,,NORTHERN
"6/10/2023, 3:50 AM",6C,2700 WASHINGTON BLVD,LARCENY,,,,,SOUTHWEST
"6/10/2023, 3:40 AM",6C,4600 LIBERTY HEIGHTS AVE,LARCENY,,,,,NORTHWEST
"6/10/2023, 5:10 AM",3AJF,5200 LOCH RAVEN BLVD,ROBBERY - CARJACKING,HANDGUN,,,,NORTHEAST
"6/9/2023, 11:30 PM",7C,1000 AISQUITH ST,AUTO THEFT,,,,,EASTERN
"6/10/2023, 12:15 AM",7C,900 W BARRE ST,AUTO THEFT,,,,,SOUTHERN
"5/30/2023, 6:05 AM",4E,6100 THE ALAMEDA,COMMON ASSAULT,PERSONAL_WEAPONS,M,52,BLACK_OR_AFRICAN_AMERICAN,NORTHERN
"5/30/2023, 11:37 PM",9S,3500 SHANNON DR,SHOOTING,FIREARM,Male,28,BLACK_OR_AFRICAN_AMERICAN,NORTHEAST
"5/31/2023, 3:37 AM",1A,1900 GRINNALDS AVE,HOMICIDE,FIREARM,Male,36,BLACK_OR_AFRICAN_AMERICAN,SOUTHWEST
"5/31/2023, 5:28 AM",9S,2700 BAKER ST,SHOOTING,FIREARM,Male,36,BLACK_OR_AFRICAN_AMERICAN,WESTERN
"5/30/2023, 11:19 PM",9S,1500 W NORTH AVE,SHOOTING,FIREARM,Male,20,BLACK_OR_AFRICAN_AMERICAN,WESTERN
"5/31/2023, 3:00 AM",7C,2300 KOKO LN,AUTO THEFT,,,,,WESTERN
"5/30/2023, 3:10 PM",6F,400 E PRATT ST,LARCENY,,,,,CENTRAL
"5/30/2023, 9:38 PM",6C,5800 YORK RD,LARCENY,,,,,NORTHERN
"5/30/2023, 9:50 PM",3CO,600 E 33RD ST,ROBBERY - COMMERCIAL,KNIFE_CUTTING_INSTRUMENT,,,,NORTHERN
"5/30/2023, 11:30 PM",7C,3800 SINCLAIR LN,AUTO THEFT,,,,,NORTHEAST
"5/31/2023, 4:50 AM",3CO,4100 PATTERSON AVE,ROBBERY - COMMERCIAL,PERSONAL_WEAPONS,,,,NORTHWEST
"5/30/2023, 8:00 AM",7C,3400 PIEDMONT AVE,AUTO THEFT,,,,,NORTHWEST
"5/30/2023, 5:30 PM",6G,3000 W NORTH AVE,LARCENY,,,,,SOUTHWEST
"5/30/2023, 6:00 PM",6J,6600 DANVILLE AVE,LARCENY,,M,81,WHITE,SOUTHEAST
"5/31/2023, 1:00 AM",7C,800 W WEST ST,AUTO THEFT,,,,,SOUTHERN
"5/31/2023, 3:00 AM",7C,3300 ANNAPOLIS RD,AUTO THEFT,,,,,SOUTHERN
"5/30/2023, 6:00 PM",6F,100 S LOUDON AVE,LARCENY,,,,,SOUTHWEST
"5/30/2023, 9:10 AM",5B,2200 PRESSTMAN ST,BURGLARY,,,,,WESTERN
"5/31/2023, 12:00 AM",7C,3200 FREDERICK AVE,AUTO THEFT,,M,45,WHITE,SOUTHWEST
"5/2/2023, 10:08 AM",9S,3500 COTTAGE AVE,SHOOTING,FIREARM,Male,55,UNKNOWN,NORTHWEST
"5/2/2023, 9:53 AM",9S,5500 FORCE RD,SHOOTING,FIREARM,Male,33,BLACK_OR_AFRICAN_AMERICAN,NORTHEAST
"5/2/2023, 6:40 PM",9S,1800 N WASHINGTON ST,SHOOTING,FIREARM,Male,21,BLACK_OR_AFRICAN_AMERICAN,EASTERN
"5/2/2023, 6:51 AM",9S,4900 REISTERSTOWN RD,SHOOTING,FIREARM,Male,23,BLACK_OR_AFRICAN_AMERICAN,NORTHWEST
"5/2/2023, 9:24 PM",9S,1800 ORLEANS ST,SHOOTING,FIREARM,Male,17,BLACK_OR_AFRICAN_AMERICAN,EASTERN
"5/2/2023, 10:43 AM",5F,2100 E LOMBARD ST,BURGLARY,,F,44,WHITE,SOUTHEAST
"5/2/2023, 9:19 AM",7C,500 S BEECHFIELD AVE,AUTO THEFT,,F,25,BLACK_OR_AFRICAN_AMERICAN,SOUTHWEST
"5/2/2023, 6:35 AM",4A,3000 WOODHOME AVE,AGG. ASSAULT,HANDGUN,M,31,BLACK_OR_AFRICAN_AMERICAN,NORTHEAST
"5/2/2023, 7:05 AM",4E,3700 GREENVALE RD,COMMON ASSAULT,PERSONAL_WEAPONS,M,20,BLACK_OR_AFRICAN_AMERICAN,SOUTHWEST
"5/2/2023, 7:05 AM",4E,3700 GREENVALE RD,COMMON ASSAULT,PERSONAL_WEAPONS,M,26,WHITE,SOUTHWEST
"5/2/2023, 7:05 AM",4B,2800 WINCHESTER ST,AGG. ASSAULT,PERSONAL_WEAPONS,M,40,BLACK_OR_AFRICAN_AMERICAN,SOUTHWEST
"5/2/2023, 7:27 AM",4E,500 MILLINGTON AVE,COMMON ASSAULT,,F,,BLACK_OR_AFRICAN_AMERICAN,SOUTHWEST
"5/2/2023, 7:30 AM",4C,0 W 25TH ST,AGG. ASSAULT,MOTOR_VEHICLE_VESSEL,F,18,BLACK_OR_AFRICAN_AMERICAN,NORTHERN
"5/2/2023, 12:00 PM",4B,2100 BARCLAY ST,AGG. ASSAULT,KNIFE_CUTTING_INSTRUMENT,M,26,BLACK_OR_AFRICAN_AMERICAN,EASTERN
"5/2/2023, 7:00 AM",7C,1400 MERIDENE DR,AUTO THEFT,,M,36,BLACK_OR_AFRICAN_AMERICAN,NORTHEAST
"5/2/2023, 6:30 PM",4E,4600 PEN LUCY RD,COMMON ASSAULT,PERSONAL_WEAPONS,F,24,BLACK_OR_AFRICAN_AMERICAN,SOUTHWEST
"5/2/2023, 5:15 PM",3P,2400 N CHARLES ST,ROBBERY,PERSONAL_WEAPONS,M,34,WHITE,NORTHERN
"4/22/2023, 11:23 PM",4A,1700 GWYNNS FALLS PKWY,AGG. ASSAULT,FIREARM,F,16,BLACK_OR_AFRICAN_AMERICAN,WESTERN
"4/22/2023, 1:18 PM",6D,4200 ERDMAN AVE,LARCENY FROM AUTO,,M,48,BLACK_OR_AFRICAN_AMERICAN,EASTERN
"4/22/2023, 9:00 PM",7C,700 DRUID PARK LAKE DR,AUTO THEFT,,M,64,BLACK_OR_AFRICAN_AMERICAN,NORTHERN
"4/22/2023, 3:00 PM",7C,2600 FAIRVIEW AVE,AUTO THEFT,,M,35,BLACK_OR_AFRICAN_AMERICAN,NORTHWEST
"4/22/2023, 10:34 PM",7C,2200 N DUKELAND ST,AUTO THEFT,,M,20,BLACK_OR_AFRICAN_AMERICAN,WESTERN
"4/22/2023, 10:00 AM",6F,500 E JEFFREY ST,LARCENY,,F,36,,SOUTHERN
"4/23/2023, 3:05 AM",6D,5600 HADDON AVE,LARCENY FROM AUTO,,F,55,BLACK_OR_AFRICAN_AMERICAN,NORTHWEST
"4/23/2023, 3:05 AM",7C,5600 HADDON AVE,AUTO THEFT,,F,21,WHITE,NORTHWEST
"4/22/2023, 6:00 PM",6F,3600 W FOREST PARK AVE,LARCENY,,F,65,BLACK_OR_AFRICAN_AMERICAN,NORTHWEST
"4/23/2023, 5:00 AM",4B,2200 W FAYETTE ST,AGG. ASSAULT,PERSONAL_WEAPONS,F,10,BLACK_OR_AFRICAN_AMERICAN,WESTERN
"4/21/2023, 6:22 PM",4E,4100 W BELVEDERE AVE,COMMON ASSAULT,,M,48,WHITE,NORTHWEST
"4/21/2023, 12:30 PM",7C,300 St Paul Place,AUTO THEFT,,F,44,,CENTRAL
"4/21/2023, 5:16 PM",6F,4700 YORK RD,LARCENY,,F,53,BLACK_OR_AFRICAN_AMERICAN,NORTHERN
"4/21/2023, 9:00 PM",4B,5500 FORCE RD,AGG. ASSAULT,BLUNT_OBJECT,M,32,BLACK_OR_AFRICAN_AMERICAN,NORTHEAST
"4/21/2023, 1:58 PM",5F,4200 SHELDON AVE,BURGLARY,,M,69,BLACK_OR_AFRICAN_AMERICAN,NORTHEAST
"4/21/2023, 11:40 PM",4E,1100 KEVIN RD,COMMON ASSAULT,PERSONAL_WEAPONS,F,50,BLACK_OR_AFRICAN_AMERICAN,SOUTHWEST
"4/22/2023, 12:08 AM",6F,100 N CHARLES ST,LARCENY,,M,40,WHITE,CENTRAL
"5/13/2023, 2:15 AM",3AO,100 KANE ST,ROBBERY,PERSONAL_WEAPONS,F,37,BLACK_OR_AFRICAN_AMERICAN,SOUTHEAST
"5/12/2023, 9:00 AM",4E,2200 WALBROOK AVE,COMMON ASSAULT,PERSONAL_WEAPONS,M,38,BLACK_OR_AFRICAN_AMERICAN,WESTERN
"5/13/2023, 2:00 AM",7C,5900 MARLUTH AVE,AUTO THEFT,,F,33,,NORTHEAST
"5/13/2023, 5:48 AM",4E,500 N BRADFORD ST,COMMON ASSAULT,PERSONAL_WEAPONS,F,49,BLACK_OR_AFRICAN_AMERICAN,SOUTHEAST
"5/13/2023, 4:40 AM",4E,5000 TRUESDALE AVE,COMMON ASSAULT,PERSONAL_WEAPONS,F,31,BLACK_OR_AFRICAN_AMERICAN,NORTHEAST
"5/13/2023, 3:10 AM",4E,200 N Liberty St,COMMON ASSAULT,PERSONAL_WEAPONS,M,23,BLACK_OR_AFRICAN_AMERICAN,CENTRAL
"5/13/2023, 3:10 AM",6F,200 N Liberty St,LARCENY,PERSONAL_WEAPONS,F,26,BLACK_OR_AFRICAN_AMERICAN,CENTRAL
"5/13/2023, 1:30 AM",6F,300 KEY HWY,LARCENY,,M,27,WHITE,CENTRAL
"5/13/2023, 1:30 AM",6F,300 KEY HWY,LARCENY,,F,28,WHITE,CENTRAL
"5/13/2023, 3:00 AM",6F,4800 ROLAND AVE,LARCENY,,F,18,BLACK_OR_AFRICAN_AMERICAN,NORTHERN
"5/13/2023, 12:50 AM",4A,4100 TOWNSEND AVE,AGG. ASSAULT,KNIFE_CUTTING_INSTRUMENT,F,28,,SOUTHERN
"5/13/2023, 12:50 AM",4A,4100 TOWNSEND AVE,AGG. ASSAULT,KNIFE_CUTTING_INSTRUMENT,M,35,,SOUTHERN
"5/13/2023, 1:15 AM",4E,900 FLEET ST,COMMON ASSAULT,PERSONAL_WEAPONS,F,7,BLACK_OR_AFRICAN_AMERICAN,SOUTHEAST
"5/12/2023, 11:30 PM",4E,2000 W FAYETTE ST,COMMON ASSAULT,PERSONAL_WEAPONS,F,38,BLACK_OR_AFRICAN_AMERICAN,WESTERN
"5/13/2023, 1:10 AM",7C,1700 E NORTHERN PKWY,AUTO THEFT,,M,29,BLACK_OR_AFRICAN_AMERICAN,NORTHEAST
"5/12/2023, 1:31 PM",7C,900 CHERRY HILL RD,AUTO THEFT,,F,64,BLACK_OR_AFRICAN_AMERICAN,SOUTHERN
"5/12/2023, 2:30 PM",4A,1200 LINWORTH AVE,AGG. ASSAULT,FIREARM,F,20,BLACK_OR_AFRICAN_AMERICAN,NORTHEAST
"6/9/2023, 8:00 AM",7C,2500 N HOWARD ST,AUTO THEFT,,M,48,WHITE,NORTHERN
"6/9/2023, 8:10 PM",6F,1400 E COLD SPRING LN,LARCENY,,F,52,,NORTHEAST
"6/9/2023, 9:33 AM",5A,300 DOLPHIN ST,BURGLARY,,,,,CENTRAL
"6/9/2023, 7:30 PM",6J,4800 SETON DR,LARCENY,,,,,NORTHWEST
"6/9/2023, 11:00 PM",6D,5800 YORK RD,LARCENY FROM AUTO,,,,,NORTHERN
"6/9/2023, 11:54 PM",9S,800 W FAIRMOUNT AVE,SHOOTING,FIREARM,Male,55,BLACK_OR_AFRICAN_AMERICAN,WESTERN
"6/10/2023, 2:54 AM",4B,1600 NORMAL AVE,AGG. ASSAULT,KNIFE_CUTTING_INSTRUMENT,M,41,BLACK_OR_AFRICAN_AMERICAN,EASTERN
"6/9/2023, 1:30 PM",4E,3800 WABASH AVE,COMMON ASSAULT,,F,45,BLACK_OR_AFRICAN_AMERICAN,NORTHWEST
"6/9/2023, 11:30 PM",4B,1600 ABBOTSTON ST,AGG. ASSAULT,KNIFE_CUTTING_INSTRUMENT,F,44,BLACK_OR_AFRICAN_AMERICAN,NORTHEAST
"6/10/2023, 3:47 AM",6F,900 PENNSYLVANIA AVE,LARCENY,,F,29,BLACK_OR_AFRICAN_AMERICAN,CENTRAL
"6/9/2023, 1:00 PM",6F,200 N CALVERT ST,LARCENY,,M,31,BLACK_OR_AFRICAN_AMERICAN,CENTRAL
"6/10/2023, 12:10 AM",4B,100 S EXETER ST,AGG. ASSAULT,BLUNT_OBJECT,M,17,BLACK_OR_AFRICAN_AMERICAN,SOUTHEAST
"6/10/2023, 12:10 AM",4B,100 S EXETER ST,AGG. ASSAULT,BLUNT_OBJECT,F,69,BLACK_OR_AFRICAN_AMERICAN,SOUTHEAST
"6/9/2023, 10:30 PM",6F,2100 E MONUMENT ST,LARCENY,,M,54,,EASTERN
"6/10/2023, 12:36 AM",4E,0 N KRESSON ST,COMMON ASSAULT,PERSONAL_WEAPONS,M,24,WHITE,SOUTHEAST
"6/10/2023, 1:15 AM",6D,600 W SARATOGA ST,LARCENY FROM AUTO,,F,19,BLACK_OR_AFRICAN_AMERICAN,CENTRAL
"6/9/2023, 10:28 PM",7C,1200 CEDARCROFT RD,AUTO THEFT,,M,34,BLACK_OR_AFRICAN_AMERICAN,NORTHEAST
"6/9/2023, 11:35 PM",4D,400 N LINWOOD AVE,AGG. ASSAULT,,M,53,BLACK_OR_AFRICAN_AMERICAN,SOUTHEAST
"5/30/2023, 4:15 PM",4E,5700 WABASH AVE,COMMON ASSAULT,PERSONAL_WEAPONS,F,47,BLACK_OR_AFRICAN_AMERICAN,NORTHWEST
"5/30/2023, 2:35 PM",4D,1300 PENNSYLVANIA AVE,AGG. ASSAULT,,F,18,BLACK_OR_AFRICAN_AMERICAN,CENTRAL
"5/30/2023, 7:50 PM",6F,4800 OVERTON ST,LARCENY,PERSONAL_WEAPONS,F,27,BLACK_OR_AFRICAN_AMERICAN,SOUTHWEST
"5/30/2023, 11:20 PM",5A,3600 SPAULDING AVE,BURGLARY,PERSONAL_WEAPONS,F,43,BLACK_OR_AFRICAN_AMERICAN,NORTHWEST
"5/30/2023, 11:20 PM",4C,20 Calvert St,AGG. ASSAULT,OTHER,F,23,BLACK_OR_AFRICAN_AMERICAN,SOUTHERN
"5/31/2023, 1:00 AM",7C,800 LYNDHURST ST,AUTO THEFT,,F,45,BLACK_OR_AFRICAN_AMERICAN,SOUTHWEST
"5/30/2023, 7:00 PM",7C,3800 PARKVIEW AVE,AUTO THEFT,,M,42,BLACK_OR_AFRICAN_AMERICAN,NORTHWEST
"5/30/2023, 9:50 PM",3P,600 E 33RD ST,ROBBERY,KNIFE_CUTTING_INSTRUMENT,M,47,BLACK_OR_AFRICAN_AMERICAN,NORTHERN
"5/30/2023, 12:36 PM",7C,5600 BURTIS AVE,AUTO THEFT,,F,18,,NORTHWEST
"5/30/2023, 8:00 PM",6D,100 N MONTFORD AVE,LARCENY FROM AUTO,,M,83,,SOUTHEAST
"5/30/2023, 11:58 AM",4A,2400 St Paul Street,AGG. ASSAULT,AUTOMATIC_HANDGUN,U,20,BLACK_OR_AFRICAN_AMERICAN,NORTHERN
"5/30/2023, 6:00 AM",5F,3000 PULASKI HWY,BURGLARY,,M,44,,SOUTHEAST
"5/30/2023, 2:00 PM",6J,6200 OLD HARFORD RD,LARCENY,,M,41,BLACK_OR_AFRICAN_AMERICAN,NORTHEAST
"5/30/2023, 11:00 PM",6D,100 E Mt Royal Avenue,LARCENY FROM AUTO,,F,33,WHITE,CENTRAL
"5/30/2023, 10:00 PM",7C,4700 POST RD,AUTO THEFT,,M,56,BLACK_OR_AFRICAN_AMERICAN,NORTHWEST
"5/31/2023, 2:00 AM",7C,700 MELVILLE AVE,AUTO THEFT,,F,29,BLACK_OR_AFRICAN_AMERICAN,NORTHERN
